Data,Otwarcie,Najwyzszy,Najnizszy,Zamkniecie,Wolumen
2019-04-01,2848.63,2869.4,2848.63,2867.19,1944866667
2019-04-02,2868.24,2872.9,2858.75,2867.24,1803833333
2019-04-03,2876.09,2885.25,2865.17,2873.4,1972355556
2019-04-04,2873.99,2881.28,2867.14,2879.39,1675100000
2019-04-05,2884.16,2893.24,2882.99,2892.74,1748233333
2019-04-08,2888.46,2895.95,2880.78,2895.77,1696683333
2019-04-09,2886.58,2886.88,2873.33,2878.2,1671100000
2019-04-10,2881.37,2889.71,2879.13,2888.21,1701322222
2019-04-11,2891.92,2893.42,2881.99,2888.32,1632522222
2019-04-12,2900.86,2910.54,2898.37,2907.41,2049161111
2019-04-15,2908.32,2909.6,2896.48,2905.58,1715738889
2019-04-16,2912.26,2916.06,2900.71,2907.06,1890116667
2019-04-17,2916.04,2918,2895.45,2900.45,2001277778
2019-04-18,2904.81,2908.4,2891.9,2905.03,1948250000
2019-04-22,2898.78,2909.51,2896.35,2907.97,1665527778
2019-04-23,2909.99,2936.31,2908.53,2933.68,2019461111
2019-04-24,2934,2936.83,2926.05,2927.25,1916088889
2019-04-25,2928.99,2933.1,2912.84,2926.17,1902933333
2019-04-26,2925.81,2939.88,2917.56,2939.88,1804722222
2019-04-29,2940.58,2949.52,2939.35,2943.03,1732655556
2019-04-30,2937.14,2948.22,2924.11,2945.83,2177405556
2019-05-01,2952.33,2954.13,2923.36,2923.73,2025472222
2019-05-02,2922.16,2931.68,2900.5,2917.52,2099383333
2019-05-03,2929.21,2947.85,2929.21,2945.64,1854511111
2019-05-06,2908.89,2937.32,2898.21,2932.47,1767511111
2019-05-07,2913.03,2913.03,2862.6,2884.05,2092833333
2019-05-08,2879.61,2897.96,2873.28,2879.42,1936550000
2019-05-09,2859.84,2875.97,2836.4,2870.72,2021566667
2019-05-10,2863.1,2891.31,2825.39,2881.4,1960888889
2019-05-13,2840.19,2840.19,2801.43,2811.87,2163350000
2019-05-14,2820.12,2852.54,2820.12,2834.41,1845955556
2019-05-15,2820.38,2858.68,2815.08,2850.96,1736638889
2019-05-16,2855.8,2892.15,2855.8,2876.32,1854477778
2019-05-17,2858.6,2885.48,2854.23,2859.53,1809972222
2019-05-20,2841.94,2853.86,2831.29,2840.23,1827150000
2019-05-21,2854.02,2868.88,2854.02,2864.36,1788166667
2019-05-22,2856.06,2865.47,2851.11,2856.27,1773616667
2019-05-23,2836.7,2836.7,2805.49,2822.24,2162211111
2019-05-24,2832.41,2841.36,2820.19,2826.06,1604105556
2019-05-28,2830.03,2840.51,2801.58,2802.39,2289672222
2019-05-29,2790.25,2792.03,2766.06,2783.02,2055583333
2019-05-30,2786.94,2799,2776.74,2788.86,1818772222
2019-05-31,2766.15,2768.98,2750.52,2752.06,2211677778
2019-06-03,2751.53,2763.07,2728.81,2744.45,2191005556
2019-06-04,2762.64,2804.49,2762.64,2803.27,2116905556
2019-06-05,2818.09,2827.28,2800.92,2826.15,1971572222
2019-06-06,2828.51,2852.1,2822.45,2843.49,1886894444
2019-06-07,2852.87,2884.97,2852.87,2873.34,1789027778
2019-06-10,2885.83,2904.77,2885.51,2886.73,1782894444
2019-06-11,2903.27,2910.61,2878.53,2885.72,1971344444
2019-06-12,2882.73,2888.57,2874.68,2879.84,1685627778
2019-06-13,2886.24,2895.24,2881.99,2891.64,1705450000
2019-06-14,2886.82,2894.45,2879.62,2886.98,1623516667
2019-06-17,2889.75,2897.27,2887.3,2889.67,1561188889
2019-06-18,2906.71,2930.79,2905.44,2917.75,1909788889
2019-06-19,2920.55,2931.74,2911.43,2926.46,1826605556
2019-06-20,2949.6,2958.06,2931.5,2954.18,2169966667
2019-06-21,2952.71,2964.15,2946.87,2950.46,2777844444
2019-06-24,2951.42,2954.92,2944.05,2945.35,1742361111
2019-06-25,2945.78,2946.52,2916.01,2917.38,1987805556
2019-06-26,2926.07,2932.59,2912.99,2913.78,1932294444
2019-06-27,2919.66,2929.3,2918.57,2924.92,1734955556
2019-06-28,2932.94,2943.98,2929.05,2941.76,3011500000
2019-07-01,2971.41,2977.93,2952.22,2964.33,1951816667
2019-07-02,2964.66,2973.21,2955.92,2973.01,1781577778
2019-07-03,2978.08,2995.84,2977.96,2995.82,1090955556
2019-07-05,2984.25,2994.03,2967.97,2990.41,1352338889
2019-07-08,2979.77,2980.76,2970.09,2975.95,1613638889
2019-07-09,2965.52,2981.9,2963.44,2979.63,1682338889
2019-07-10,2989.3,3002.98,2984.62,2993.07,1752355556
2019-07-11,2999.62,3002.33,2988.8,2999.91,1752566667
2019-07-12,3003.36,3013.92,3001.87,3013.77,1652755556
2019-07-15,3017.8,3017.8,3008.77,3014.3,1597205556
2019-07-16,3012.13,3015.02,3001.15,3004.04,1828138889
2019-07-17,3005.1,3005.26,2984.25,2984.42,1767555556
2019-07-18,2978.87,2998.28,2973.09,2995.11,1831433333
2019-07-19,3004.26,3006.02,2975.86,2976.61,1811311111
2019-07-22,2981.93,2990.71,2976.65,2985.03,1668733333
2019-07-23,2994.74,3005.9,2988.56,3005.47,1840922222
2019-07-24,2998.77,3019.59,2996.82,3019.56,1904988889
2019-07-25,3016.26,3016.31,2997.24,3003.67,2025150000
2019-07-26,3013.25,3027.98,3012.59,3025.86,1809772222
2019-07-29,3024.47,3025.61,3014.3,3020.97,1779838889
2019-07-30,3007.66,3017.19,3000.94,3013.18,2019072222
2019-07-31,3016.22,3017.4,2958.08,2980.38,2568572222
2019-08-01,2980.32,3013.59,2945.23,2953.56,2645722222
2019-08-02,2943.9,2945.5,2914.11,2932.05,2152588889
2019-08-05,2898.07,2898.07,2822.12,2844.74,2507627778
2019-08-06,2861.18,2884.4,2847.42,2881.77,2307911111
2019-08-07,2858.65,2892.17,2825.71,2883.98,2495416667
2019-08-08,2896.21,2938.72,2894.47,2938.09,2281316667
2019-08-09,2930.51,2935.75,2900.15,2918.65,1861466667
2019-08-12,2907.07,2907.58,2873.14,2882.7,1584238889
2019-08-13,2880.72,2943.31,2877.05,2926.32,2140888889
2019-08-14,2894.15,2894.15,2839.64,2840.6,2395850000
2019-08-15,2846.2,2856.67,2825.51,2847.6,2243333333
2019-08-16,2864.74,2893.63,2864.74,2888.68,1943416667
2019-08-19,2913.48,2931,2913.48,2923.65,1784933333
2019-08-20,2919.01,2923.63,2899.6,2900.51,1703500000
2019-08-21,2922.04,2928.73,2917.91,2924.43,1672883333
2019-08-22,2930.94,2939.08,2904.51,2922.95,1606044444
2019-08-23,2911.07,2927.01,2834.97,2847.11,2187388889
2019-08-26,2866.7,2879.27,2856,2878.38,1587555556
2019-08-27,2893.14,2898.79,2860.59,2869.16,1963127778
2019-08-28,2861.28,2890.03,2853.05,2887.94,1720788889
2019-08-29,2910.37,2930.5,2905.67,2924.58,1764550000
2019-08-30,2937.09,2940.43,2913.32,2926.46,1671361111
2019-09-03,2909.01,2914.39,2891.85,2906.27,1903772222
2019-09-04,2924.67,2938.84,2921.86,2937.78,1757366667
2019-09-05,2960.6,2985.86,2960.6,2976,2161500000
2019-09-06,2980.33,2985.03,2972.51,2978.71,1782377778
2019-09-09,2988.43,2989.43,2969.39,2978.43,2223827778
2019-09-10,2971.01,2979.39,2957.01,2979.39,2439316667
2019-09-11,2981.41,3000.93,2975.31,3000.93,2181972222
2019-09-12,3009.08,3020.74,3000.92,3009.57,2106588889
2019-09-13,3012.21,3017.33,3002.9,3007.39,1955588889
2019-09-16,2996.41,3002.19,2990.67,2997.96,2374800000
2019-09-17,2995.67,3006.21,2993.73,3005.7,2039911111
2019-09-18,3001.5,3007.83,2978.57,3006.73,1908633333
2019-09-19,3010.36,3021.99,3003.16,3006.79,1806272222
2019-09-20,3008.42,3016.37,2984.68,2992.07,3385966667
2019-09-23,2983.5,2999.15,2982.23,2991.78,1770327778
2019-09-24,3002.43,3007.98,2957.73,2966.6,2148977778
2019-09-25,2968.35,2989.82,2952.86,2984.87,1843816667
2019-09-26,2985.73,2987.28,2963.71,2977.62,1709577778
2019-09-27,2985.47,2987.31,2945.53,2961.79,1802027778
2019-09-30,2967.07,2983.85,2967.07,2976.74,1804227778
2019-10-01,2983.69,2992.53,2938.7,2940.25,1976688889
2019-10-02,2924.78,2924.78,2874.93,2887.61,2173622222
2019-10-03,2885.38,2911.13,2855.94,2910.63,1946466667
2019-10-04,2918.56,2953.74,2918.56,2952.01,1661572222
2019-10-07,2944.23,2959.75,2935.68,2938.79,1633411111
2019-10-08,2920.4,2925.47,2892.66,2893.06,1864694444
2019-10-09,2911.1,2929.32,2907.41,2919.4,1514900000
2019-10-10,2918.55,2948.46,2917.12,2938.13,1787361111
2019-10-11,2963.07,2993.28,2963.07,2970.27,1989144444
2019-10-14,2965.81,2972.84,2962.94,2966.15,1420566667
2019-10-15,2973.61,3003.28,2973.61,2995.68,1855966667
2019-10-16,2989.68,2997.54,2985.2,2989.69,1790316667
2019-10-17,3000.77,3008.29,2991.79,2997.95,1731088889
2019-10-18,2996.84,3000,2976.31,2986.2,1813494444
2019-10-21,2996.48,3007.33,2995.35,3006.72,1817566667
2019-10-22,3010.73,3014.57,2995.04,2995.99,1957716667
2019-10-23,2994.01,3004.78,2991.21,3004.52,1884927778
2019-10-24,3014.78,3016.07,3000.42,3010.29,2051444444
2019-10-25,3003.32,3027.39,3001.94,3022.55,1872427778
2019-10-28,3032.12,3044.08,3032.12,3039.42,1956238889
2019-10-29,3035.39,3047.87,3034.81,3036.89,1994405556
2019-10-30,3039.74,3050.1,3025.96,3046.77,2097794444
2019-10-31,3046.9,3046.9,3023.19,3037.56,2299600000
2019-11-01,3050.72,3066.95,3050.72,3066.91,2183444444
2019-11-04,3078.96,3085.2,3074.87,3078.27,2303805556
2019-11-05,3080.8,3083.95,3072.15,3074.62,2492294444
2019-11-06,3075.1,3078.34,3065.89,3076.78,2476772222
2019-11-07,3087.02,3097.77,3080.23,3085.18,2302577778
2019-11-08,3081.25,3093.09,3073.58,3093.08,1943972222
2019-11-11,3080.33,3088.33,3075.82,3087.01,1686405556
2019-11-12,3089.28,3102.61,3084.73,3091.84,1925561111
2019-11-13,3084.18,3098.06,3078.8,3094.04,1949600000
2019-11-14,3090.75,3098.2,3083.26,3096.63,1820038889
2019-11-15,3107.92,3120.46,3104.6,3120.46,1853138889
2019-11-18,3117.91,3124.17,3112.06,3122.03,1909272222
2019-11-19,3127.45,3127.64,3113.47,3120.18,1994483333
2019-11-20,3114.66,3118.97,3091.41,3108.46,2241605556
2019-11-21,3108.49,3110.11,3094.55,3103.54,2066977778
2019-11-22,3111.41,3112.87,3099.26,3110.29,1792655556
2019-11-25,3117.44,3133.83,3117.44,3133.64,1950850000
2019-11-26,3134.85,3142.69,3131,3140.52,2553105556
2019-11-27,3145.49,3154.26,3143.41,3153.63,1685050000
2019-11-29,3147.18,3150.3,3139.34,3140.98,968344444
2019-12-02,3143.85,3144.31,3110.78,3113.87,1815966667
2019-12-03,3087.41,3094.97,3070.33,3093.2,2029661111
2019-12-04,3103.5,3119.38,3102.53,3112.76,2052794444
2019-12-05,3119.21,3119.45,3103.76,3117.43,1864305556
2019-12-06,3134.62,3150.6,3134.62,3145.91,1933044444
2019-12-09,3141.86,3148.87,3135.46,3135.96,1858883333
2019-12-10,3135.36,3142.12,3126.09,3132.52,1857661111
2019-12-11,3135.75,3143.98,3133.21,3141.63,1806966667
2019-12-12,3141.23,3176.28,3138.47,3168.57,2217050000
2019-12-13,3166.65,3182.68,3156.51,3168.8,2076038889
2019-12-16,3183.63,3197.71,3183.63,3191.45,2250994444
2019-12-17,3195.4,3198.22,3191.03,3192.52,2131966667
2019-12-18,3195.21,3198.48,3191.14,3191.14,2230044444
2019-12-19,3192.32,3205.48,3192.32,3205.37,2066916667
2019-12-20,3223.33,3225.65,3216.03,3221.22,3585705556
2019-12-23,3226.05,3227.78,3222.3,3224.01,1700338889
2019-12-24,3225.45,3226.43,3220.51,3223.38,720300000
2019-12-26,3227.2,3240.08,3227.2,3239.91,1200377778
2019-12-27,3247.23,3247.93,3234.37,3240.02,1349261111
2019-12-30,3240.09,3240.92,3216.57,3221.29,1674050000
2019-12-31,3215.18,3231.72,3212.03,3230.78,1607672222
2020-01-02,3244.67,3258.14,3235.53,3257.85,1921250000
2020-01-03,3226.36,3246.15,3222.34,3234.85,1922938889
2020-01-06,3217.55,3246.84,3214.64,3246.28,2041150000
2020-01-07,3241.86,3244.91,3232.43,3237.18,1900211111
2020-01-08,3238.59,3267.07,3236.67,3253.05,2067161111
2020-01-09,3266.03,3275.58,3263.67,3274.7,2021327778
2020-01-10,3281.81,3282.99,3260.86,3265.35,1784983333
2020-01-13,3271.13,3288.13,3268.43,3288.13,1920211111
2020-01-14,3285.35,3294.25,3277.19,3283.15,2036183333
2020-01-15,3282.27,3298.66,3280.69,3289.29,2064911111
2020-01-16,3302.97,3317.11,3302.82,3316.81,1963933333
2020-01-17,3323.66,3329.88,3318.86,3329.62,2054538889
2020-01-21,3321.03,3329.79,3316.61,3320.79,2280744444
2020-01-22,3330.02,3337.77,3320.04,3321.75,2011027778
2020-01-23,3315.77,3326.88,3301.87,3325.54,2091588889
2020-01-24,3333.1,3333.18,3281.53,3295.47,2059516667
2020-01-27,3247.16,3258.85,3234.5,3243.63,2123944444
2020-01-28,3255.35,3285.78,3253.22,3276.24,1959288889
2020-01-29,3289.46,3293.47,3271.89,3273.4,1991388889
2020-01-30,3256.45,3285.91,3242.8,3283.66,2104027778
2020-01-31,3282.33,3282.33,3214.68,3225.52,2515461111
2020-02-03,3235.66,3268.44,3235.66,3248.92,2087727778
2020-02-04,3280.61,3306.92,3280.61,3297.59,2219622222
2020-02-05,3324.91,3337.58,3313.75,3334.69,2287627778
2020-02-06,3344.92,3347.96,3334.39,3345.78,2149094444
2020-02-07,3335.54,3341.42,3322.12,3327.71,2072583333
2020-02-10,3318.28,3352.26,3317.77,3352.09,1916861111
2020-02-11,3365.87,3375.63,3352.72,3357.75,2089194444
2020-02-12,3370.5,3381.47,3369.72,3379.45,2181322222
2020-02-13,3365.9,3385.09,3360.52,3373.94,1943466667
2020-02-14,3378.08,3380.69,3366.15,3380.16,1887800000
2020-02-18,3369.04,3375.01,3355.61,3370.29,2081511111
2020-02-19,3380.39,3393.52,3378.83,3386.15,2000083333
2020-02-20,3380.45,3389.15,3341.02,3373.23,2226288889
2020-02-21,3360.5,3360.76,3328.45,3337.75,2166261111
2020-02-24,3257.61,3259.81,3214.65,3225.89,2690533333
2020-02-25,3238.94,3246.99,3118.77,3128.21,3106394444
2020-02-26,3139.9,3182.51,3108.99,3116.39,3043394444
2020-02-27,3062.54,3097.07,2977.39,2978.76,3921577778
2020-02-28,2916.9,2959.72,2855.84,2954.22,4757694444
2020-03-02,2974.28,3090.96,2945.19,3090.23,3542444444
2020-03-03,3096.46,3136.72,2976.63,3003.37,3531077778
2020-03-04,3045.75,3130.97,3034.38,3130.12,2797488889
2020-03-05,3075.7,3083.04,2999.83,3023.94,3097527778
2020-03-06,2954.2,2985.93,2901.54,2972.37,3640077778
2020-03-09,2863.89,2863.89,2734.43,2746.56,4679472222
2020-03-10,2813.48,2882.59,2734,2882.23,4242200000
2020-03-11,2825.6,2825.6,2707.22,2741.38,4096727778
2020-03-12,2630.86,2660.95,2478.86,2480.64,4905211111
2020-03-13,2569.99,2711.33,2492.37,2711.02,4588150000
2020-03-16,2508.59,2562.98,2380.94,2386.13,4323077778
2020-03-17,2425.66,2553.93,2367.04,2529.19,4643611111
2020-03-18,2436.5,2453.57,2280.52,2398.1,4864322222
2020-03-19,2393.48,2466.97,2319.78,2409.39,4414838889
2020-03-20,2431.94,2453.01,2295.56,2304.92,5024827778
2020-03-23,2290.71,2300.73,2191.86,2237.4,4112322222
2020-03-24,2344.44,2449.71,2344.44,2447.33,4192972222
2020-03-25,2457.77,2571.42,2407.53,2475.56,4603150000
2020-03-26,2501.29,2637.01,2500.72,2630.07,4307311111
2020-03-27,2555.87,2615.91,2520.02,2541.47,3441294444
2020-03-30,2558.98,2631.8,2545.28,2626.65,3192344444
2020-03-31,2614.69,2641.39,2571.15,2584.59,3649050000
2020-04-01,2498.08,2522.75,2447.49,2470.5,3304388889
2020-04-02,2458.54,2533.22,2455.79,2526.9,3586105556
2020-04-03,2514.92,2538.18,2459.96,2488.65,3381772222
2020-04-06,2578.28,2676.85,2574.57,2663.68,3551033333
2020-04-07,2738.65,2756.89,2657.67,2659.41,3911511111
2020-04-08,2685,2760.75,2663.3,2749.98,3253538889
2020-04-09,2776.99,2818.57,2762.36,2789.82,4377855556
2020-04-13,2782.46,2782.46,2721.17,2761.63,2930172222
2020-04-14,2805.1,2851.85,2805.1,2846.06,3093000000
2020-04-15,2795.64,2801.88,2761.54,2783.36,2890772222
2020-04-16,2799.34,2806.51,2764.32,2799.55,2877772222
2020-04-17,2842.43,2879.22,2830.88,2874.56,3217855556
2020-04-20,2845.62,2868.98,2820.43,2823.16,2900088889
2020-04-21,2784.81,2785.54,2727.1,2736.56,2819905556
2020-04-22,2787.89,2815.1,2775.95,2799.31,2805366667
2020-04-23,2810.42,2844.9,2794.26,2797.8,3198066667
2020-04-24,2812.64,2842.71,2791.76,2836.74,2985822222
2020-04-27,2854.65,2887.72,2852.89,2878.48,2885700000
2020-04-28,2909.96,2921.15,2860.71,2863.39,3151600000
2020-04-29,2918.46,2954.86,2912.16,2939.51,3677855556
2020-04-30,2930.91,2930.91,2892.47,2912.43,3623955556
2020-05-01,2869.09,2869.09,2821.61,2830.71,2640644444
2020-05-04,2815.01,2844.24,2797.85,2842.74,2623966667
2020-05-05,2868.88,2898.23,2863.55,2868.44,2849772222
2020-05-06,2883.14,2891.11,2847.65,2848.42,2701066667
2020-05-07,2878.26,2901.92,2876.48,2881.19,2869244444
2020-05-08,2908.83,2932.16,2902.88,2929.8,2698422222
2020-05-11,2915.46,2944.25,2903.44,2930.19,2596977372
2020-05-12,2939.5,2945.82,2869.59,2870.12,2661481924
2020-05-13,2865.86,2874.14,2793.15,2820,3538682040
2020-05-14,2794.54,2852.8,2766.64,2852.5,3342014465
2020-05-15,2829.95,2865.01,2816.78,2863.7,3291068217
2020-05-18,2913.86,2968.09,2913.86,2953.91,3637568897
2020-05-19,2948.59,2964.21,2922.35,2922.94,2852880746
2020-05-20,2953.63,2980.29,2953.63,2971.61,2845135067
2020-05-21,2969.95,2978.5,2938.57,2948.51,2778169917
2020-05-22,2948.05,2956.76,2933.59,2955.45,2184181839
2020-05-26,3004.08,3021.72,2988.17,2991.77,3349414121
2020-05-27,3015.65,3036.25,2969.75,3036.13,3652902255
2020-05-28,3046.61,3068.67,3023.4,3029.73,3136898114
2020-05-29,3025.17,3049.17,2998.61,3044.31,4372835504
2020-06-01,3038.78,3062.18,3031.54,3055.73,2494242374
2020-06-02,3064.78,3081.07,3051.64,3080.82,2800242756
2020-06-03,3098.9,3130.94,3098.9,3122.87,3152227961
2020-06-04,3111.56,3128.91,3090.41,3112.35,3731253343
2020-06-05,3163.84,3211.72,3163.84,3193.93,4794161515
2020-06-08,3199.92,3233.13,3196,3232.39,3706403397
2020-06-09,3213.32,3222.71,3193.11,3207.18,3172476044
2020-06-10,3213.42,3223.27,3181.49,3190.14,3577280352
2020-06-11,3123.53,3123.53,2999.49,3002.1,4119364753
2020-06-12,3071.04,3088.42,2984.47,3041.31,3379014946
2020-06-15,2993.76,3079.76,2965.66,3066.59,3208285727
2020-06-16,3131,3153.45,3076.06,3124.74,3290522357
2020-06-17,3136.13,3141.16,3108.03,3113.49,2482661567
2020-06-18,3101.64,3120,3093.51,3115.34,2406434155
2020-06-19,3140.29,3155.53,3083.11,3097.74,4998415138
2020-06-22,3094.42,3120.92,3079.39,3117.86,2572599763
2020-06-23,3138.7,3154.9,3127.12,3131.29,2736647372
2020-06-24,3114.4,3115.01,3032.13,3050.33,3216148237
2020-06-25,3046.6,3086.25,3024.01,3083.76,2738077000
2020-06-26,3073.2,3073.73,3004.63,3009.05,4393618253
2020-06-29,3018.59,3053.89,2999.74,3053.24,2650231761
2020-06-30,3050.2,3111.51,3047.83,3100.29,2762700300
2020-07-01,3105.92,3128.44,3101.17,3115.86,2709350469
2020-07-02,3143.64,3165.81,3124.52,3130.01,2332622404
2020-07-06,3155.29,3182.59,3155.29,3179.72,2384007094
2020-07-07,3166.44,3184.15,3142.93,3145.32,2286066876
2020-07-08,3153.07,3171.8,3136.53,3169.94,2397542535
2020-07-09,3176.17,3179.78,3115.7,3152.05,2595438819
2020-07-10,3152.47,3186.82,3136.22,3185.04,2408266859
2020-07-13,3205.08,3235.32,3149.43,3155.22,2694338924
2020-07-14,3141.11,3200.95,3127.66,3197.52,2638225293
2020-07-15,3225.98,3238.28,3200.76,3226.56,2849504498
2020-07-16,3208.36,3220.39,3198.59,3215.57,2214117696
2020-07-17,3224.21,3233.52,3205.65,3224.73,2219964739
2020-07-20,3224.29,3258.61,3215.16,3251.84,2171304615
2020-07-21,3268.52,3277.29,3247.77,3257.3,2470338671
2020-07-22,3254.86,3279.32,3253.1,3276.02,2418091343
2020-07-23,3271.64,3279.99,3222.66,3235.66,2742056465
2020-07-24,3218.58,3227.26,3200.05,3215.63,2460505182
2020-07-27,3219.84,3241.43,3214.25,3239.41,2355871031
2020-07-28,3234.27,3243.72,3216.17,3218.44,2244363387
2020-07-29,3227.22,3264.74,3227.22,3258.44,2471114054
2020-07-30,3231.76,3250.92,3204.13,3246.22,2436861309
2020-07-31,3270.45,3272.17,3220.26,3271.12,3062620493
2020-08-03,3288.26,3302.73,3284.53,3294.61,2379546705
2020-08-04,3289.92,3306.84,3286.37,3306.51,2403695283
2020-08-05,3317.37,3330.77,3317.37,3327.77,2452040105
2020-08-06,3323.17,3351.03,3318.14,3349.16,2414075395
2020-08-07,3340.05,3352.54,3328.72,3351.28,2279160879
2020-08-10,3356.04,3363.29,3335.44,3360.47,2565981272
2020-08-11,3370.34,3381.01,3326.44,3333.69,2901184692
2020-08-12,3355.46,3387.89,3355.46,3380.35,2245860113
2020-08-13,3372.95,3387.24,3363.35,3373.43,1964649318
2020-08-14,3368.66,3378.51,3361.64,3372.85,1713105900
2020-08-17,3380.86,3387.59,3379.22,3381.99,1951363148
2020-08-18,3387.04,3395.06,3370.15,3389.78,1795551606
2020-08-19,3392.51,3399.54,3369.66,3374.85,2021428535
2020-08-20,3360.48,3390.8,3354.69,3385.51,1835659390
2020-08-21,3386.01,3399.96,3379.31,3397.16,1993642443
2020-08-24,3418.09,3432.09,3413.13,3431.28,2275646060
2020-08-25,3435.95,3444.21,3425.84,3443.62,2042901658
2020-08-26,3449.97,3481.07,3444.15,3478.73,2020851527
2020-08-27,3485.14,3501.38,3468.35,3484.55,2327431654
2020-08-28,3494.69,3509.23,3484.32,3508.01,2047770541
2020-08-31,3509.73,3514.77,3493.25,3500.31,2545947629
2020-09-01,3507.44,3528.03,3494.6,3526.65,2246655768
2020-09-02,3543.76,3588.11,3535.23,3580.84,2579961224
2020-09-03,3564.74,3564.85,3427.41,3455.06,3196862882
2020-09-04,3453.6,3479.15,3349.63,3426.96,3045943569
2020-09-08,3371.88,3379.97,3329.27,3331.84,3071728677
2020-09-09,3369.82,3424.77,3366.84,3398.96,2509091751
2020-09-10,3412.56,3425.55,3329.25,3339.19,2581883711
2020-09-11,3352.7,3368.95,3310.47,3340.97,2351289169
2020-09-14,3363.56,3402.93,3363.56,3383.54,2364625122
2020-09-15,3407.73,3419.48,3389.25,3401.2,2482063450
2020-09-16,3411.23,3428.92,3384.45,3385.49,2860737276
2020-09-17,3346.86,3375.17,3328.82,3357.01,2739627914
2020-09-18,3357.38,3362.27,3292.4,3319.47,4080814747
2020-09-21,3285.57,3285.57,3229.1,3281.06,2996245686
2020-09-22,3295.75,3320.31,3270.95,3315.57,2388040936
2020-09-23,3320.11,3323.35,3232.57,3236.92,2481367969
2020-09-24,3226.14,3278.7,3209.45,3246.59,2414616135
2020-09-25,3236.66,3306.88,3228.44,3298.46,2201331092
2020-09-28,3333.9,3360.74,3332.91,3351.6,2218484960
2020-09-29,3350.92,3357.92,3327.54,3335.47,1947640906
2020-09-30,3341.21,3393.56,3340.47,3363,2621466321
2020-10-01,3385.87,3397.18,3361.39,3380.8,2354422841
2020-10-02,3338.94,3369.1,3323.69,3348.42,2354722287
2020-10-05,3367.27,3409.57,3367.27,3408.6,2040745749
2020-10-06,3408.74,3431.56,3354.54,3360.97,2551091954
2020-10-07,3384.56,3426.26,3384.56,3419.44,2084054405
2020-10-08,3434.28,3447.28,3428.15,3446.83,2094828307
2020-10-09,3459.67,3482.34,3458.07,3477.14,2209050833
2020-10-12,3500.02,3549.85,3499.61,3534.22,2240199001
2020-10-13,3534.01,3534.01,3500.86,3511.93,2358329289
2020-10-14,3515.47,3527.94,3480.55,3488.67,2173872805
2020-10-15,3453.72,3489.08,3440.89,3483.34,2007238547
2020-10-16,3493.5,3515.76,3480.45,3483.81,2213545513
2020-10-19,3493.66,3502.42,3419.93,3426.92,2185827606
2020-10-20,3439.38,3476.93,3435.65,3443.12,2114290333
2020-10-21,3439.91,3464.86,3433.06,3435.56,2067107215
2020-10-22,3438.5,3460.53,3415.34,3453.49,2402859482
2020-10-23,3464.9,3466.46,3440.45,3465.39,2155522498
2020-10-26,3441.42,3441.42,3364.86,3400.97,2435786612
2020-10-27,3403.15,3409.51,3388.71,3390.68,2395101697
2020-10-28,3342.48,3342.48,3268.89,3271.03,3147943500
2020-10-29,3277.17,3341.05,3259.82,3310.11,2752625684
2020-10-30,3293.59,3304.93,3233.94,3269.96,3003852681
2020-11-02,3296.2,3330.14,3279.74,3310.24,2525535542
2020-11-03,3336.25,3389.49,3336.25,3369.16,2329577555
2020-11-04,3406.46,3486.25,3405.17,3443.44,2901095649
2020-11-05,3485.74,3529.05,3485.74,3510.45,2559015385
2020-11-06,3508.34,3521.58,3484.34,3509.44,2167007972
2020-11-09,3583.04,3645.99,3547.48,3550.5,5061429532
2020-11-10,3543.26,3557.22,3511.91,3545.53,3455507092
2020-11-11,3563.22,3581.16,3557,3572.66,2515389885
2020-11-12,3562.67,3569.02,3518.58,3537.01,2414732971
2020-11-13,3552.57,3593.66,3552.57,3585.15,2276724987
2020-11-16,3600.16,3628.51,3600.16,3626.91,2864430679
2020-11-17,3610.31,3623.11,3588.68,3609.53,2343226894
2020-11-18,3612.09,3619.09,3567.33,3567.79,2667939337
2020-11-19,3559.41,3585.22,3543.84,3581.87,2246332374
2020-11-20,3579.31,3581.23,3556.85,3557.54,2212968548
2020-11-23,3566.82,3589.81,3552.77,3577.59,2493130026
2020-11-24,3594.52,3642.31,3594.52,3635.41,3170708990
2020-11-25,3635.5,3635.5,3617.76,3629.65,2305668031
2020-11-27,3638.55,3644.31,3629.33,3638.35,1229199673
2020-11-30,3634.18,3634.18,3594.39,3621.63,3644157125
2020-12-01,3645.87,3678.45,3645.87,3662.45,2637657489
2020-12-02,3653.78,3670.96,3644.84,3669.01,2382771239
2020-12-03,3668.28,3682.73,3657.17,3666.72,2642754327
2020-12-04,3670.94,3699.2,3670.94,3699.12,2591912420
2020-12-07,3694.73,3697.41,3678.88,3691.96,2340001316
2020-12-08,3683.05,3708.45,3678.83,3702.25,2264899108
2020-12-09,3705.98,3712.39,3660.54,3672.82,2756415535
2020-12-10,3659.13,3678.49,3645.18,3668.1,2412666569
2020-12-11,3656.08,3665.91,3633.4,3663.46,2308878899
2020-12-14,3675.27,3697.61,3645.84,3647.49,2541186619
2020-12-15,3666.41,3695.29,3659.62,3694.62,2529938661
2020-12-16,3696.25,3711.27,3688.57,3701.17,2267390776
2020-12-17,3713.65,3725.12,3710.87,3722.48,2192253641
2020-12-18,3722.39,3726.7,3685.84,3709.41,4246742281
2020-12-21,3684.28,3702.9,3636.48,3694.92,2605975306
2020-12-22,3698.08,3698.26,3676.16,3687.26,2208070093
2020-12-23,3693.42,3711.24,3689.28,3690.01,1845296650
2020-12-24,3694.03,3703.82,3689.32,3703.06,818784928
2020-12-28,3723.03,3740.51,3723.03,3735.36,1662609796
2020-12-29,3750.01,3756.12,3723.31,3727.04,1638287436
2020-12-30,3736.19,3744.63,3730.21,3732.04,1559327835
2020-12-31,3733.27,3760.2,3726.88,3756.07,1658919486
2021-01-04,3764.61,3769.99,3662.71,3700.65,2728583078
2021-01-05,3698.02,3737.83,3695.07,3726.86,2384682941
2021-01-06,3712.2,3783.04,3705.34,3748.14,3191178708
2021-01-07,3764.71,3811.55,3764.71,3803.79,2585186415
2021-01-08,3815.05,3826.69,3783.6,3824.68,2374809302
2021-01-11,3803.14,3817.86,3789.02,3799.61,2335918128
2021-01-12,3801.62,3810.78,3776.51,3801.19,2632132471
2021-01-13,3802.23,3820.96,3791.5,3809.84,2344888465
2021-01-14,3814.98,3823.6,3792.86,3795.54,2708930219
2021-01-15,3788.73,3788.73,3749.62,3768.25,2741656357
2021-01-19,3781.88,3804.53,3780.37,3798.91,2485142099
2021-01-20,3816.22,3859.75,3816.22,3851.85,2350471631
2021-01-21,3857.46,3861.45,3845.05,3853.07,2591055660
2021-01-22,3844.24,3852.31,3830.41,3841.47,2290691535
2021-01-25,3851.68,3859.23,3797.16,3855.36,2796458161
2021-01-26,3862.96,3870.9,3847.78,3849.62,2562368503
2021-01-27,3836.83,3836.83,3732.48,3750.77,3808384652
2021-01-28,3755.75,3830.5,3755.75,3787.38,3261772860
2021-01-29,3778.05,3778.05,3694.12,3714.24,3315454292
2021-02-01,3731.17,3784.32,3725.62,3773.86,2457573861
2021-02-02,3791.84,3843.09,3791.84,3826.31,2415604684
2021-02-03,3840.27,3847.51,3816.68,3830.17,2273801634
2021-02-04,3836.66,3872.42,3836.66,3871.74,2367356951
2021-02-05,3878.3,3894.56,3874.93,3886.83,2152289897
2021-02-08,3892.59,3915.77,3892.59,3915.59,2161333144
2021-02-09,3910.49,3918.35,3902.64,3911.23,2067393950
2021-02-10,3920.78,3931.5,3884.94,3909.88,2291313102
2021-02-11,3916.4,3925.99,3890.39,3916.38,2126812632
2021-02-12,3911.65,3937.23,3905.78,3934.83,1829607166
2021-02-16,3939.61,3950.43,3923.85,3932.59,2305147298
2021-02-17,3918.5,3933.61,3900.43,3931.33,2161952392
2021-02-18,3915.86,3921.98,3885.03,3913.97,2025989354
2021-02-19,3921.16,3930.41,3903.07,3906.71,2315685076
2021-02-22,3885.55,3902.92,3874.71,3876.5,2752794505
2021-02-23,3857.07,3895.98,3805.59,3881.37,2947617135
2021-02-24,3873.71,3928.65,3859.6,3925.43,2788164696
2021-02-25,3915.8,3925.02,3814.04,3829.34,2924371959
2021-02-26,3839.66,3861.08,3789.54,3811.15,3129018166
2021-03-01,3842.51,3914.5,3842.51,3901.82,2406893663
2021-03-02,3903.64,3906.41,3868.57,3870.29,2296374171
2021-03-03,3863.99,3874.47,3818.86,3819.72,2718938203
2021-03-04,3818.53,3843.67,3723.34,3768.47,3471696122
2021-03-05,3793.58,3851.69,3730.19,3841.94,3320705802
2021-03-08,3844.39,3881.06,3819.25,3821.35,2998653462
2021-03-09,3851.93,3903.76,3851.93,3875.44,2786916293
2021-03-10,3891.99,3917.35,3885.73,3898.81,2661081667
2021-03-11,3915.54,3960.27,3915.54,3939.34,2570250267
2021-03-12,3924.52,3944.99,3915.21,3943.34,2277434098
2021-03-15,3942.96,3970.08,3923.54,3968.94,2393441121
2021-03-16,3973.59,3981.04,3953.44,3962.71,2372381008
2021-03-17,3949.57,3983.87,3935.74,3974.12,2458783556
2021-03-18,3953.5,3969.62,3910.86,3915.46,2686354391
2021-03-19,3913.14,3930.12,3886.75,3913.1,4647053019
2021-03-22,3916.48,3955.31,3914.16,3940.59,2362949344
2021-03-23,3937.6,3949.13,3901.57,3910.52,2494379928
2021-03-24,3919.93,3942.08,3889.07,3889.14,2414378604
2021-03-25,3879.34,3919.54,3853.5,3909.52,2385059895
2021-03-26,3917.12,3978.19,3917.12,3974.54,2655374920
2021-03-29,3969.31,3981.83,3943.25,3971.09,2418405500
2021-03-30,3963.34,3968.01,3944.35,3958.55,2134267391
2021-03-31,3967.25,3994.41,3966.98,3972.89,2420427567
2021-04-01,3992.78,4020.63,3992.78,4019.87,2178187603
2021-04-05,4034.44,4083.42,4034.44,4077.91,2241318486
2021-04-06,4075.57,4086.23,4068.14,4073.94,2147071522
2021-04-07,4074.29,4083.13,4068.31,4079.95,1963233249
2021-04-08,4089.95,4098.19,4082.54,4097.17,2011933177
2021-04-09,4096.11,4129.48,4095.51,4128.8,1880708120
2021-04-12,4124.71,4131.76,4114.82,4127.99,1923094540
2021-04-13,4130.1,4148,4124.43,4141.59,2060718961
2021-04-14,4141.58,4151.69,4120.87,4124.66,2092018943
2021-04-15,4139.76,4173.49,4139.76,4170.42,2130933628
2021-04-16,4174.14,4191.31,4170.75,4185.47,2205786949
2021-04-19,4179.8,4180.81,4150.47,4163.26,1999877307
2021-04-20,4159.18,4159.18,4118.38,4134.94,2292083378
2021-04-21,4128.42,4175.02,4126.35,4173.42,2126513143
2021-04-22,4170.46,4179.57,4123.69,4134.98,2392241341
2021-04-23,4138.78,4194.17,4138.78,4180.17,2008642236
2021-04-26,4185.03,4194.19,4182.36,4187.62,1937952599
2021-04-27,4188.25,4193.35,4176.22,4186.72,2034702320
2021-04-28,4185.14,4201.53,4181.78,4183.18,2145349329
2021-04-29,4206.14,4218.78,4176.81,4211.47,2502878449
2021-04-30,4198.1,4198.1,4174.85,4181.17,2428162998
2021-05-03,4191.98,4209.39,4188.03,4192.66,2182103434
2021-05-04,4179.04,4179.04,4128.59,4164.66,2552420121
2021-05-05,4177.06,4187.72,4160.94,4167.59,1769152889
2021-05-06,4169.14,4202.7,4147.33,4201.62,2239080813
2021-05-07,4210.34,4238.04,4201.64,4232.6,2048519190
2021-05-10,4228.29,4236.39,4188.13,4188.43,2320014566
2021-05-11,4150.34,4162.04,4111.53,4152.1,2432749321
2021-05-12,4130.55,4134.73,4056.88,4063.04,2406683784
2021-05-13,4074.99,4131.58,4074.99,4112.5,2163353723
2021-05-14,4129.58,4183.13,4129.58,4173.85,1904970402
2021-05-17,4169.92,4171.92,4142.69,4163.29,2278897644
2021-05-18,4165.94,4169.15,4125.99,4127.83,2324677838
2021-05-19,4098.45,4116.93,4061.41,4115.68,2414067271
2021-05-20,4121.97,4172.8,4121.97,4159.12,2159532191
2021-05-21,4168.61,4188.72,4151.72,4155.86,2196798084
2021-05-24,4170.16,4209.52,4170.16,4197.05,1848676717
2021-05-25,4205.94,4213.42,4182.52,4188.13,2117333013
2021-05-26,4191.59,4202.61,4184.11,4195.99,2087338274
2021-05-27,4201.94,4213.38,4197.78,4200.88,3407781249
2021-05-28,4210.77,4218.36,4203.57,4204.11,1958464949
2021-06-01,4216.52,4234.12,4197.59,4202.04,2096973335
2021-06-02,4206.82,4217.37,4198.27,4208.12,2028836814
2021-06-03,4191.43,4204.39,4167.93,4192.85,2194432214
2021-06-04,4206.05,4233.45,4206.05,4229.89,1872715862
2021-06-07,4229.34,4232.34,4215.66,4226.52,1745172301
2021-06-08,4233.81,4236.74,4208.41,4227.26,2109263760
2021-06-09,4232.99,4237.09,4218.74,4219.55,1792953976
2021-06-10,4228.56,4249.74,4220.34,4239.18,1949114428
2021-06-11,4242.9,4248.38,4232.25,4247.44,1679469973
2021-06-14,4248.31,4255.59,4234.07,4255.15,1846240506
2021-06-15,4255.28,4257.16,4238.35,4246.59,1830754386
2021-06-16,4248.87,4251.89,4202.45,4223.7,2220452064
2021-06-17,4220.37,4232.29,4196.05,4221.86,2583091087
2021-06-18,4204.78,4204.78,4164.4,4166.45,3608789593
2021-06-21,4173.4,4226.24,4173.4,4224.79,2040521589
2021-06-22,4224.61,4255.84,4217.27,4246.44,1786553582
2021-06-23,4249.27,4256.6,4241.43,4241.84,1771820909
2021-06-24,4256.97,4271.28,4256.97,4266.49,1871426376
2021-06-25,4274.45,4286.12,4271.16,4280.7,2751790926
2021-06-28,4284.9,4292.14,4274.67,4290.61,1992399601
2021-06-29,4293.21,4300.52,4287.04,4291.8,1830630923
2021-06-30,4290.65,4302.43,4287.96,4297.5,1949896699
2021-07-01,4300.73,4320.66,4300.73,4319.94,1803458464
2021-07-02,4326.6,4355.43,4326.6,4352.34,1535619737
2021-07-06,4356.46,4356.46,4314.37,4343.54,2075709900
2021-07-07,4351.01,4361.88,4329.79,4358.13,1932877201
2021-07-08,4321.07,4330.88,4289.37,4320.82,2063982824
2021-07-09,4329.38,4371.6,4329.38,4369.55,1791690914
2021-07-12,4372.41,4386.68,4364.03,4384.63,1707501002
2021-07-13,4381.07,4392.37,4366.92,4369.21,1764023047
2021-07-14,4380.11,4393.68,4362.36,4374.3,2028264492
2021-07-15,4369.02,4369.02,4340.7,4360.03,1995704829
2021-07-16,4367.43,4375.09,4322.53,4327.16,2026420335
2021-07-19,4296.4,4296.4,4233.13,4258.49,2838151098
2021-07-20,4265.11,4336.84,4262.05,4323.06,2430577637
2021-07-21,4331.13,4359.7,4331.13,4358.69,2101370626
2021-07-22,4361.27,4369.87,4350.06,4367.48,1845434194
2021-07-23,4381.2,4415.18,4381.2,4411.79,1752390418
2021-07-26,4409.58,4422.73,4405.45,4422.3,1812247096
2021-07-27,4416.38,4416.38,4372.51,4401.46,2085640391
2021-07-28,4402.95,4415.47,4387.01,4400.64,2118843918
2021-07-29,4403.59,4429.97,4403.59,4419.15,2019354788
2021-07-30,4395.12,4412.25,4389.65,4395.26,2245846882
2021-08-02,4406.86,4422.18,4384.81,4387.16,1983436641
2021-08-03,4392.74,4423.79,4373,4423.15,2174964518
2021-08-04,4415.95,4416.17,4400.23,4402.66,2331475675
2021-08-05,4408.86,4429.76,4408.86,4429.1,1960628313
2021-08-06,4429.07,4440.82,4429.07,4436.52,1838165082
2021-08-09,4437.77,4439.39,4424.74,4432.35,1716583532
2021-08-10,4435.79,4445.21,4430.03,4436.75,1916238169
2021-08-11,4442.18,4449.44,4436.42,4442.41,1871786539
2021-08-12,4446.08,4461.77,4435.96,4460.83,1628478428
2021-08-13,4464.84,4468.37,4460.82,4468,1532626658
2021-08-16,4461.65,4480.26,4437.66,4479.71,1750996492
2021-08-17,4462.12,4462.12,4417.83,4448.08,1917517410
2021-08-18,4440.94,4454.32,4397.59,4400.27,1930293587
2021-08-19,4382.44,4418.61,4367.73,4405.8,2214340942
2021-08-20,4410.56,4444.35,4406.8,4441.67,1834179903
2021-08-23,4450.29,4489.88,4450.29,4479.53,1854558750
2021-08-24,4484.4,4492.81,4482.28,4486.23,1743330697
2021-08-25,4490.45,4501.71,4485.66,4496.19,1777933554
2021-08-26,4493.75,4495.9,4468.99,4470,1642206826
2021-08-27,4474.1,4513.33,4474.1,4509.37,1665809773
2021-08-30,4513.76,4537.36,4513.76,4528.79,1564582288
2021-08-31,4529.75,4531.39,4515.8,4522.68,2177504229
2021-09-01,4528.8,4537.11,4522.02,4524.09,1943483583
2021-09-02,4534.48,4545.85,4524.66,4536.95,1778239902
2021-09-03,4532.42,4541.45,4521.3,4535.43,1529886805
2021-09-07,4535.38,4535.38,4513,4520.03,1805777278
2021-09-08,4518.09,4521.79,4493.95,4514.07,1783658630
2021-09-09,4513.02,4529.9,4492.07,4493.28,1837254326
2021-09-10,4506.92,4520.47,4457.66,4458.58,1860497153
2021-09-13,4474.81,4492.99,4445.7,4468.73,2060402092
2021-09-14,4479.33,4485.68,4435.46,4443.05,2021922303
2021-09-15,4447.49,4486.87,4438.37,4480.7,2126502586
2021-09-16,4477.09,4485.87,4443.8,4473.75,1846633558
2021-09-17,4469.74,4471.52,4427.76,4432.99,3770722859
2021-09-20,4402.95,4402.95,4305.91,4357.73,2601202238
2021-09-21,4374.45,4394.87,4347.96,4354.19,1926605020
2021-09-22,4367.43,4416.75,4367.43,4395.64,2024995238
2021-09-23,4406.75,4465.4,4406.75,4448.98,1974708404
2021-09-24,4438.04,4463.12,4430.27,4455.48,1687771288
2021-09-27,4442.12,4457.3,4436.19,4443.11,2044774771
2021-09-28,4419.54,4419.54,4346.33,4352.63,2411082003
2021-09-29,4362.41,4385.57,4355.08,4359.46,1899919741
2021-09-30,4370.67,4382.55,4306.24,4307.54,2292980186
2021-10-01,4317.16,4375.19,4288.52,4357.04,2202907200
2021-10-04,4348.84,4355.51,4278.94,4300.46,2352030389
2021-10-05,4309.87,4369.23,4309.87,4345.72,2026525955
2021-10-06,4319.57,4365.57,4290.49,4363.55,2062682920
2021-10-07,4383.73,4429.97,4383.73,4399.76,1942954035
2021-10-08,4406.51,4412.02,4386.22,4391.34,1683911086
2021-10-11,4385.44,4415.88,4360.59,4361.19,1684626168
2021-10-12,4368.31,4374.89,4342.09,4350.65,1951341517
2021-10-13,4358.01,4372.87,4329.92,4363.8,1928089452
2021-10-14,4386.75,4439.73,4386.75,4438.26,1941352446
2021-10-15,4447.69,4475.82,4447.69,4471.37,2048713822
2021-10-18,4463.72,4488.75,4447.47,4486.46,1871645425
2021-10-19,4497.34,4520.4,4496.41,4519.63,1701720108
2021-10-20,4524.42,4540.87,4524.4,4536.19,1842279378
2021-10-21,4532.24,4551.44,4526.89,4549.78,1903670277
2021-10-22,4546.12,4559.67,4524,4544.9,1820296105
2021-10-25,4553.69,4572.62,4537.36,4566.48,1849843381
2021-10-26,4578.69,4598.53,4569.17,4574.79,2018287292
2021-10-27,4580.22,4584.57,4551.66,4551.68,2255666226
2021-10-28,4562.84,4597.55,4562.84,4596.42,2180879850
2021-10-29,4572.87,4608.08,4567.59,4605.38,2350301616
2021-11-01,4610.62,4620.34,4595.06,4613.67,2033758725
2021-11-02,4613.34,4635.15,4613.34,4630.65,2156232672
2021-11-03,4630.65,4663.46,4621.19,4660.57,2155080069
2021-11-04,4662.93,4683,4662.59,4680.06,2514981463
2021-11-05,4699.26,4718.5,4681.32,4697.53,2604934263
2021-11-08,4701.48,4714.92,4694.39,4701.7,2208829524
2021-11-09,4707.25,4708.53,4670.87,4685.25,2077878164
2021-11-10,4670.26,4684.85,4630.86,4646.71,2141600225
2021-11-11,4659.39,4664.55,4648.31,4649.27,1745650301
2021-11-12,4655.24,4688.47,4650.77,4682.85,1878873391
2021-11-15,4689.3,4697.42,4672.86,4682.8,1821708114
2021-11-16,4679.42,4714.95,4679.42,4700.9,1969710437
2021-11-17,4701.5,4701.5,4684.41,4688.67,2073793765
2021-11-18,4700.72,4708.8,4672.78,4704.54,2229419489
2021-11-19,4708.44,4717.75,4694.22,4697.96,2452147236
2021-11-22,4712,4743.83,4682.17,4682.94,2465454579
2021-11-23,4678.48,4699.39,4652.66,4690.7,2230377284
2021-11-24,4675.78,4702.87,4659.89,4701.46,1849716721
2021-11-26,4664.63,4664.63,4585.43,4594.62,2132760977
2021-11-29,4628.75,4672.95,4625.26,4655.27,2505188610
2021-11-30,4640.25,4646.02,4560,4567,4064157980
2021-12-01,4602.82,4652.94,4510.27,4513.04,3055980587
2021-12-02,4504.73,4595.46,4504.73,4577.1,2801558306
2021-12-03,4589.49,4608.03,4495.12,4538.43,2714009311
2021-12-06,4548.37,4612.6,4540.51,4591.67,2591430683
2021-12-07,4631.97,4694.04,4631.97,4686.75,2483715209
2021-12-08,4690.86,4705.06,4674.52,4701.21,2169237673
2021-12-09,4691,4695.26,4665.98,4667.45,2021704694
2021-12-10,4687.64,4713.57,4670.24,4712.02,2130792886
2021-12-13,4710.3,4710.3,4667.6,4668.97,2427488597
2021-12-14,4642.99,4660.47,4606.52,4634.09,2481788465
2021-12-15,4636.46,4712.6,4611.22,4709.85,2575621271
2021-12-16,4719.13,4731.99,4651.89,4668.67,2745064817
2021-12-17,4652.5,4666.7,4600.22,4620.64,4573690712
2021-12-20,4587.9,4587.9,4531.1,4568.02,2468207427
2021-12-21,4594.96,4651.14,4583.16,4649.23,2298114520
2021-12-22,4650.36,4697.67,4645.53,4696.56,1874604891
2021-12-23,4703.96,4740.74,4703.96,4725.79,1617243125
2021-12-27,4733.99,4791.49,4733.99,4791.19,1503734418
2021-12-28,4795.49,4807.02,4780.04,4786.35,1432143549
2021-12-29,4788.64,4804.06,4778.08,4793.06,1365873126
2021-12-30,4794.23,4808.93,4775.33,4778.73,1353236996
2021-12-31,4775.21,4786.83,4765.75,4766.18,1339318824
2022-01-03,4778.14,4796.64,4758.17,4796.56,2241373299
2022-01-04,4804.51,4818.62,4774.27,4793.54,2841121018
2022-01-05,4787.99,4797.7,4699.44,4700.58,2810603586
2022-01-06,4693.39,4725.01,4671.26,4696.05,2389339330
2022-01-07,4697.66,4707.95,4662.74,4677.03,2414328227
2022-01-10,4655.34,4673.02,4582.24,4670.29,2668776356
2022-01-11,4669.14,4714.13,4638.27,4713.07,2238558923
2022-01-12,4728.59,4748.83,4706.71,4726.35,2122392627
2022-01-13,4733.56,4744.13,4650.29,4659.03,2392404427
2022-01-14,4637.99,4665.13,4614.75,4662.85,2522462949
2022-01-18,4632.24,4632.24,4568.7,4577.11,2741096372
2022-01-19,4588.03,4611.55,4530.2,4532.76,2494214499
2022-01-20,4547.35,4602.11,4477.95,4482.73,2556569239
2022-01-21,4471.38,4494.52,4395.34,4397.94,3210070654
2022-01-24,4356.32,4417.35,4222.62,4410.13,3888349334
2022-01-25,4366.64,4411.01,4287.11,4356.45,3069079477
2022-01-26,4408.43,4453.23,4304.8,4349.93,3239353450
2022-01-27,4380.58,4428.74,4309.5,4326.51,3070684348
2022-01-28,4336.19,4432.72,4292.46,4431.85,2926083817
2022-01-31,4431.79,4516.89,4414.02,4515.55,2960132803
2022-02-01,4519.57,4550.49,4483.53,4546.54,2725815746
2022-02-02,4566.39,4595.31,4544.32,4589.38,2906346124
2022-02-03,4535.41,4542.88,4470.39,4477.44,2707325899
2022-02-04,4482.79,4539.66,4451.5,4500.53,2661230208
2022-02-07,4505.75,4521.86,4471.47,4483.87,2380580575
2022-02-08,4480.02,4531.32,4465.4,4521.54,2540145869
2022-02-09,4547,4590.03,4547,4587.18,2435234286
2022-02-10,4553.24,4588.92,4484.31,4504.08,2709241305
2022-02-11,4506.27,4526.33,4401.41,4418.64,2891247534
2022-02-14,4412.61,4426.22,4364.84,4401.67,2520881740
2022-02-15,4429.28,4472.77,4429.28,4471.07,2348139435
2022-02-16,4455.75,4489.55,4429.68,4475.01,2334132066
2022-02-17,4456.06,4456.06,4373.81,4380.26,2308231918
2022-02-18,4384.57,4394.6,4327.22,4348.87,2569037287
2022-02-22,4332.74,4362.12,4267.11,4304.76,2734224673
2022-02-23,4324.93,4341.51,4221.51,4225.5,2496800402
2022-02-24,4155.77,4294.73,4114.65,4288.7,3557984906
2022-02-25,4298.38,4385.34,4286.83,4384.65,2692920879
2022-02-28,4354.17,4388.84,4315.12,4373.94,3226746590
2022-03-01,4363.14,4378.45,4279.54,4306.26,3136231628
2022-03-02,4322.56,4401.48,4322.56,4386.54,2867342109
2022-03-03,4401.31,4416.78,4345.56,4363.49,2617737783
2022-03-04,4342.12,4342.12,4284.98,4328.87,2992345589
2022-03-07,4327.01,4327.01,4199.85,4201.09,3509191905
2022-03-08,4202.66,4276.94,4157.87,4170.7,3636375797
2022-03-09,4223.1,4299.4,4223.1,4277.88,3018723346
2022-03-10,4252.55,4268.28,4209.8,4259.52,2583441996
2022-03-11,4279.5,4291.01,4200.49,4204.31,2335196408
2022-03-14,4202.75,4247.57,4161.72,4173.11,2714056407
2022-03-15,4188.82,4271.05,4187.9,4262.45,2630767161
2022-03-16,4288.14,4358.9,4251.99,4357.86,2922879968
2022-03-17,4345.11,4412.67,4335.65,4411.67,2435098356
2022-03-18,4407.34,4465.4,4390.57,4463.12,4234433858
2022-03-21,4462.4,4481.75,4424.3,4461.18,2479499718
2022-03-22,4469.1,4522,4469.1,4511.61,2341523848
2022-03-23,4493.1,4501.07,4455.81,4456.24,2181298863
2022-03-24,4469.98,4520.58,4465.17,4520.16,2076509992
2022-03-25,4522.91,4546.03,4501.07,4543.06,1997323727
2022-03-28,4541.09,4575.65,4517.69,4575.52,2017538125
2022-03-29,4602.86,4637.3,4589.66,4631.6,2449168296
2022-03-30,4624.2,4627.77,4581.32,4602.45,2080196324
2022-03-31,4599.02,4603.07,4530.41,4530.41,2644203200
2022-04-01,4540.32,4548.7,4507.57,4545.86,2324492158
