Data,Otwarcie,Najwyzszy,Najnizszy,Zamkniecie
2017-01-01,8.05,8.54,8.02,8.14
2017-01-02,8.14,8.47,8.03,8.33
2017-01-03,8.33,9.94,8.18,9.59
2017-01-04,9.59,10.89,9.31,10.88
2017-01-05,10.88,11.63,9.07,10.2
2017-01-06,10.2,10.42,9.44,10.07
2017-01-07,10.07,10.12,9.47,9.78
2017-01-08,9.78,10.39,9.67,10.27
2017-01-09,10.27,10.75,10.03,10.2
2017-01-10,10.2,10.68,10.2,10.55
2017-01-11,10.55,10.72,9.49,9.83
2017-01-12,9.83,10.23,9.14,9.81
2017-01-13,9.81,9.9,9.47,9.78
2017-01-14,9.78,9.91,9.63,9.78
2017-01-15,9.78,9.99,9.73,9.88
2017-01-16,9.88,10.12,9.55,9.59
2017-01-17,9.59,10.53,9.56,10.14
2017-01-18,10.14,10.46,9.91,10.19
2017-01-19,10.19,10.52,10.17,10.43
2017-01-20,10.43,10.75,10.31,10.6
2017-01-21,10.6,11,10.54,10.91
2017-01-22,10.91,11.01,10.6,10.71
2017-01-23,10.71,10.96,10.63,10.78
2017-01-24,10.78,10.87,10.49,10.51
2017-01-25,10.51,10.65,10.4,10.51
2017-01-26,10.51,10.67,10.48,10.65
2017-01-27,10.65,10.67,10.41,10.51
2017-01-28,10.51,10.57,10.44,10.54
2017-01-29,10.54,10.56,10.44,10.47
2017-01-30,10.47,10.77,10.42,10.62
2017-01-31,10.62,10.8,10.53,10.71
2017-02-01,10.71,10.87,10.53,10.71
2017-02-02,10.71,10.92,10.57,10.78
2017-02-03,10.78,10.95,10.55,10.95
2017-02-04,10.95,11.4,10.88,11.32
2017-02-05,11.32,11.39,11.1,11.22
2017-02-06,11.22,11.39,11.18,11.32
2017-02-07,11.32,11.55,11.26,11.45
2017-02-08,11.45,11.6,11.11,11.39
2017-02-09,11.39,11.49,10.53,10.94
2017-02-10,10.94,11.44,10.81,11.34
2017-02-11,11.34,11.45,11.28,11.43
2017-02-12,11.43,11.49,11.34,11.42
2017-02-13,11.42,11.49,11.19,11.39
2017-02-14,11.39,14.05,11.32,13
2017-02-15,13,13.68,12.63,12.97
2017-02-16,12.97,13.06,12.64,12.95
2017-02-17,12.95,12.95,12.68,12.72
2017-02-18,12.72,12.89,12.71,12.83
2017-02-19,12.83,12.92,12.74,12.82
2017-02-20,12.82,12.9,12.48,12.52
2017-02-21,12.52,12.84,12.25,12.77
2017-02-22,12.77,12.9,12.62,12.69
2017-02-23,12.69,13.3,12.64,13.13
2017-02-24,13.13,13.29,12.72,13.11
2017-02-25,13.11,13.78,12.97,13.57
2017-02-26,13.57,14.65,13.37,14.59
2017-02-27,14.59,16.09,14.3,15.55
2017-02-28,15.55,16.75,15.19,16.07
2017-03-01,16.07,17.65,15.68,17.55
2017-03-02,17.55,19.64,16.58,19.08
2017-03-03,19.08,21.06,17.81,19.48
2017-03-04,19.48,20.19,18.56,18.61
2017-03-05,18.61,19.4,18.1,19.22
2017-03-06,19.22,20.3,19,19.75
2017-03-07,19.75,19.81,18.52,18.91
2017-03-08,18.91,18.93,16.51,16.54
2017-03-09,16.54,18.13,15.94,17.71
2017-03-10,17.71,19.68,16.57,19.13
2017-03-11,19.13,21.64,18.72,21.45
2017-03-12,21.45,23.81,21.2,23.31
2017-03-13,23.31,31.04,23.3,28.45
2017-03-14,28.45,29.88,26.91,28.58
2017-03-15,28.58,35.32,28.31,35.18
2017-03-16,35.18,46.55,34.76,45.51
2017-03-17,45.51,54.88,34.55,44.48
2017-03-18,44.48,45.24,30.63,34
2017-03-19,34,45.55,33.4,43.12
2017-03-20,43.12,45.51,40.93,42.51
2017-03-21,42.51,43.8,41.68,42.67
2017-03-22,42.67,42.94,38.56,41.65
2017-03-23,41.65,44.26,40.59,43.2
2017-03-24,43.2,53.74,42.77,53.19
2017-03-25,53.19,53.59,47.62,50.62
2017-03-26,50.62,51.68,48.45,50.63
2017-03-27,50.63,51.72,48.33,49.06
2017-03-28,49.06,50.55,48.5,50.25
2017-03-29,50.25,53.97,50.08,53.07
2017-03-30,53.07,53.63,51.36,51.91
2017-03-31,51.91,52.22,46.83,49.91
2017-04-01,49.91,51.77,48.65,50.6
2017-04-02,50.6,51.15,47.58,48.55
2017-04-03,48.55,48.76,42.49,44.13
2017-04-04,44.13,45.97,41.28,44.43
2017-04-05,44.43,47.49,44.12,44.9
2017-04-06,44.9,45.87,40.99,43.23
2017-04-07,43.23,44.58,41.58,42.31
2017-04-08,42.31,45.77,42.17,44.37
2017-04-09,44.37,44.73,42.79,43.72
2017-04-10,43.72,44.57,42.49,43.74
2017-04-11,43.74,44.43,43.47,43.74
2017-04-12,43.74,47.89,43.26,46.38
2017-04-13,46.38,51.04,46.14,49.97
2017-04-14,49.97,50.1,46.53,47.32
2017-04-15,47.32,62.03,46.89,48.89
2017-04-16,48.89,49.23,47.54,48.22
2017-04-17,48.22,48.53,47.57,47.94
2017-04-18,47.94,50.25,47.75,49.88
2017-04-19,49.88,50.5,46.86,47.88
2017-04-20,47.88,49.56,47.51,49.36
2017-04-21,49.36,49.46,48.09,48.27
2017-04-22,48.27,48.94,47.98,48.41
2017-04-23,48.41,48.92,47.91,48.75
2017-04-24,48.75,50.41,48.72,49.94
2017-04-25,49.94,50.61,49.79,50.09
2017-04-26,50.09,54.61,50.01,53.28
2017-04-27,53.28,63.42,52.43,63.14
2017-04-28,63.14,73.85,62.08,72.42
2017-04-29,72.42,74.03,67.62,69.83
2017-04-30,69.83,81.26,69.28,79.83
2017-05-01,79.83,83.87,71.46,77.53
2017-05-02,77.53,81.24,74.64,77.25
2017-05-03,77.25,80.96,75.4,80.37
2017-05-04,80.37,95.31,79.34,94.55
2017-05-05,94.55,97.66,87.11,90.79
2017-05-06,90.79,95.6,90.56,94.82
2017-05-07,94.82,96.37,62.74,90.46
2017-05-08,90.46,93.45,80.93,88.39
2017-05-09,88.39,89.58,75.07,86.27
2017-05-10,86.27,91.32,84.99,87.83
2017-05-11,87.83,90.55,85.77,88.2
2017-05-12,88.2,90.57,83.15,85.15
2017-05-13,85.15,88.59,81.81,87.96
2017-05-14,87.96,89.7,86.33,88.72
2017-05-15,88.72,94.3,86.75,90.32
2017-05-16,90.32,92.18,85.68,87.8
2017-05-17,87.8,89.4,81.99,86.98
2017-05-18,86.98,96.1,86.69,95.88
2017-05-19,95.88,129.47,95.73,124.38
2017-05-20,124.38,129.07,120.61,123.06
2017-05-21,123.06,148.6,121.72,148
2017-05-22,148,181.46,133.38,160.39
2017-05-23,160.39,176.04,155.06,169.5
2017-05-24,169.5,201.15,167.81,193.03
2017-05-25,193.03,216.1,160.86,177.33
2017-05-26,177.33,197.67,141.56,162.83
2017-05-27,162.83,169.62,114.17,156.63
2017-05-28,156.51,182.36,156.51,172.86
2017-05-29,172.86,197.74,165.36,194.17
2017-05-30,194.17,232.08,185.83,228.58
2017-05-31,228.58,233.92,214.05,228.64
2017-06-01,228.64,235.52,208,220.7
2017-06-02,220.7,227.71,216.94,222.04
2017-06-03,222.04,226.41,218.79,224.3
2017-06-04,224.3,249.34,223.88,244.96
2017-06-05,244.96,248.62,241.5,247.75
2017-06-06,247.75,268.12,246.5,264.26
2017-06-07,264.26,264.8,246.17,255.77
2017-06-08,255.77,260.77,250.89,259.41
2017-06-09,259.41,279.14,259.36,279.11
2017-06-10,279.11,351.82,278.79,335.95
2017-06-11,335.95,351.21,314.39,339.68
2017-06-12,339.68,417.21,311.99,394.66
2017-06-13,394.66,399.5,359.7,388.09
2017-06-14,388.09,393.62,317.23,343.84
2017-06-15,343.84,351.94,260.78,344.68
2017-06-16,344.68,360.84,316.83,353.61
2017-06-17,353.61,368.33,342.85,368.1
2017-06-18,368.1,379.17,341.29,351.53
2017-06-19,351.53,361.5,348.66,358.2
2017-06-20,358.2,365.22,323.69,350.53
2017-06-21,350.53,352.83,138.5,325.3
2017-06-22,325.3,333.4,308.21,320.97
2017-06-23,320.97,331.53,319.62,326.85
2017-06-24,326.85,330.28,298.73,304.54
2017-06-25,304.54,309.98,253.3,279.36
2017-06-26,279.36,293.55,209.55,253.68
2017-06-27,253.68,286.64,211.47,286.14
2017-06-28,286.14,323.87,260.89,315.86
2017-06-29,315.86,322.28,285.89,292.9
2017-06-30,292.9,305.3,270.43,280.68
2017-07-01,280.68,281.81,253.18,261
2017-07-02,261,293.3,254.19,283.99
2017-07-03,283.99,284.31,272.64,276.41
2017-07-04,276.41,282.32,265.21,269.05
2017-07-05,269.05,274.03,253.7,266
2017-07-06,266,274.55,261.57,265.88
2017-07-07,265.88,266.25,236.16,240.94
2017-07-08,240.94,248.35,230.96,245.67
2017-07-09,245.67,251.79,236.59,237.72
2017-07-10,237.72,240.09,188.21,205.76
2017-07-11,205.76,216.16,175.21,190.55
2017-07-12,190.55,227.06,181.62,224.15
2017-07-13,224.15,226.66,193.2,205.41
2017-07-14,205.41,207.07,182.62,197.14
2017-07-15,197.14,198.71,168.95,169.1
2017-07-16,169.1,171.91,132.64,155.42
2017-07-17,155.42,190.26,154.25,189.97
2017-07-18,189.97,256.89,177.42,227.09
2017-07-19,227.09,244.02,187.21,194.41
2017-07-20,194.41,235.86,194.41,226.33
2017-07-21,226.33,236.62,209.46,216.33
2017-07-22,216.33,236.55,215.3,230.47
2017-07-23,230.47,234.17,220.3,228.32
2017-07-24,228.32,229.56,224.04,225.48
2017-07-25,225.48,225.98,192.64,203.59
2017-07-26,203.59,209.29,193.1,202.88
2017-07-27,202.88,205.68,198.93,202.93
2017-07-28,202.93,203.93,189.77,191.21
2017-07-29,191.21,209.57,177.69,206.14
2017-07-30,206.14,209.88,194.12,196.78
2017-07-31,196.78,201.78,190.53,201.33
2017-08-01,201.33,232.55,201.27,225.9
2017-08-02,225.9,228.98,215.71,218.12
2017-08-03,218.12,228.08,217.84,224.39
2017-08-04,224.39,227.45,219.73,220.6
2017-08-05,220.6,258.47,219.72,253.09
2017-08-06,253.09,272.22,251.79,264.56
2017-08-07,264.56,274.39,257.41,269.94
2017-08-08,269.94,299.55,266.94,296.51
2017-08-09,296.51,314.75,279.1,295.28
2017-08-10,295.24,310.18,289.22,298.28
2017-08-11,298.28,310.36,295.94,309.32
2017-08-12,309.32,319.14,303.71,308.02
2017-08-13,308.02,308.87,288.04,296.62
2017-08-14,296.62,306.3,294.74,299.16
2017-08-15,299.16,299.71,271.38,286.52
2017-08-16,286.52,303.29,280.66,301.38
2017-08-17,301.38,310.43,298.19,300.3
2017-08-18,300.3,306.52,287.17,292.62
2017-08-19,292.62,298.79,283.65,293.02
2017-08-20,293.02,298.78,288.48,298.2
2017-08-21,298.2,345.44,294.93,321.85
2017-08-22,321.85,329.39,293.09,313.37
2017-08-23,313.37,325.1,313.16,317.4
2017-08-24,317.4,328.65,315.94,325.28
2017-08-25,325.28,337.24,324.69,330.06
2017-08-26,330.06,334.7,325.9,332.86
2017-08-27,332.86,347.92,332.8,347.88
2017-08-28,347.88,350.5,335.41,347.66
2017-08-29,347.66,375.18,347.24,372.35
2017-08-30,372.35,390.64,367.41,383.86
2017-08-31,383.86,389.64,380.89,388.33
2017-09-01,388.33,395.3,386.71,391.42
2017-09-02,391.42,392.04,328.87,351.03
2017-09-03,351.03,370.5,336.37,352.45
2017-09-04,352.45,352.45,279.95,303.7
2017-09-05,303.7,324.37,275.97,317.94
2017-09-06,317.94,341.77,317.82,338.92
2017-09-07,338.92,338.92,323.36,335.37
2017-09-08,335.37,335.39,293.12,306.72
2017-09-09,306.72,309.07,293.71,303.79
2017-09-10,303.79,305.76,280.7,299.21
2017-09-11,299.21,308.3,288.6,297.95
2017-09-12,297.95,316.38,285.75,294.1
2017-09-13,294.1,294.39,257.16,275.84
2017-09-14,275.84,280.65,222.06,223.14
2017-09-15,223.14,267.7,200.75,259.57
2017-09-16,259.57,272.43,245.74,254.49
2017-09-17,254.49,265.78,239.98,258.4
2017-09-18,258.4,300.69,258.36,297.53
2017-09-19,297.53,299.91,275.94,283
2017-09-20,283,293.74,277.72,283.56
2017-09-21,283.56,287.13,252.22,257.77
2017-09-22,257.77,270.74,254.28,262.94
2017-09-23,262.94,286.72,259.58,286.14
2017-09-24,286.14,294.54,276.25,282.6
2017-09-25,282.6,297.01,282.48,294.89
2017-09-26,294.89,295.89,287.01,288.64
2017-09-27,288.64,312.64,287.83,309.97
2017-09-28,309.97,310.24,298.18,302.77
2017-09-29,302.77,303.54,279.79,292.58
2017-09-30,292.58,305.91,292.32,302.77
2017-10-01,302.77,304.79,295.44,303.95
2017-10-02,303.95,304.13,293.34,296.81
2017-10-03,296.81,299.92,286.86,291.81
2017-10-04,291.81,295.57,288.56,291.68
2017-10-05,291.68,297.47,286.73,294.99
2017-10-06,294.99,309,293.75,308.33
2017-10-07,308.33,314.12,304.63,311.26
2017-10-08,311.26,313.52,308.13,309.49
2017-10-09,309.49,310.14,286.52,296.95
2017-10-10,296.95,305.95,292.28,298.46
2017-10-11,298.46,305.12,297.18,302.86
2017-10-12,302.86,308.77,301.65,302.89
2017-10-13,302.89,347.7,298.29,336.83
2017-10-14,336.83,347.14,333.83,338.81
2017-10-15,338.81,341.93,318.35,336.58
2017-10-16,336.58,352.39,332.9,334.23
2017-10-17,334.23,334.42,310.57,316.14
2017-10-18,316.14,316.34,287.95,313.54
2017-10-19,313.54,316.38,304.63,307.41
2017-10-20,307.41,312.11,301.86,303.08
2017-10-21,303.08,303.09,290.92,299.55
2017-10-22,299.55,305.89,290.69,294.03
2017-10-23,294.03,294.25,274.96,285.27
2017-10-24,285.27,311.23,280.01,296.5
2017-10-25,296.5,300.36,289.46,296.35
2017-10-26,296.35,299.37,292.7,295.54
2017-10-27,295.54,298.9,292.24,296.36
2017-10-28,296.37,297.05,291.11,293.35
2017-10-29,293.33,311.3,292.06,304.04
2017-10-30,304.04,311.94,303.58,306.8
2017-10-31,306.8,310.86,303.4,303.64
2017-11-01,303.63,304.77,288.5,289.42
2017-11-02,289.42,293.03,276.89,284.92
2017-11-03,284.92,307.14,284.85,304.51
2017-11-04,304.51,304.65,294.05,300.04
2017-11-05,300,300.65,294.06,296.23
2017-11-06,296.22,306.8,292.26,296.82
2017-11-07,296.82,303.76,287.45,291.84
2017-11-08,291.84,319.2,290.55,307.35
2017-11-09,307.35,329.21,305.84,319.66
2017-11-10,319.67,324.22,288.96,296.86
2017-11-11,296.86,320.05,296.26,314.23
2017-11-12,314.23,317.22,297.48,306.02
2017-11-13,306.02,318.58,305.35,314.6
2017-11-14,314.6,337.15,314.45,334.72
2017-11-15,334.72,345.18,324.88,331.2
2017-11-16,331.2,334.85,321.9,330.32
2017-11-17,330.32,334.55,325.83,331.72
2017-11-18,331.72,349.46,326.83,346.65
2017-11-19,346.65,371.32,343.89,354.6
2017-11-20,354.67,372.82,354.28,367.71
2017-11-21,367.71,372.87,351.41,360.52
2017-11-22,360.52,381.61,359.97,380.84
2017-11-23,380.83,424.92,375.44,406.57
2017-11-24,406.51,478.38,400.18,470.43
2017-11-25,470.4,483.38,457.41,464.61
2017-11-26,464.55,471.5,451.12,470.54
2017-11-27,470.45,489.43,462.47,475.24
2017-11-28,475.2,478.46,459.91,466.27
2017-11-29,466.24,515.44,409.35,427.42
2017-11-30,427.3,460.81,396.14,434.85
2017-12-01,435.31,467.22,416.77,461.58
2017-12-02,461.58,471.39,449.69,457.96
2017-12-03,457.96,481.56,445.57,462.81
2017-12-04,462.92,472.16,446.64,466.93
2017-12-05,466.93,467.84,451.47,453.96
2017-12-06,453.96,456.87,413.13,422.48
2017-12-07,422.39,434.85,404.16,421.15
2017-12-08,420.76,461.1,410.33,451.74
2017-12-09,451.78,507.36,448.09,472.86
2017-12-10,472.31,472.78,428.3,436.49
2017-12-11,436.54,519.35,436.01,513.29
2017-12-12,513.36,678.25,499.57,656.52
2017-12-13,656.52,755.07,593.89,699.09
2017-12-14,699.09,751.68,662.29,693.58
2017-12-15,693.58,696.89,614.33,684.27
2017-12-16,684.09,718.37,678.52,692.83
2017-12-17,692.32,732.45,691.95,717.71
2017-12-18,717.73,799.37,679.8,785.99
2017-12-19,786.17,868.89,767.59,812.5
2017-12-20,812.5,830.2,713.75,799.17
2017-12-21,799.17,840.55,759.65,789.39
2017-12-22,789.39,794.16,490.28,657.83
2017-12-23,657.81,747.53,651.1,700.44
2017-12-24,700.44,701.07,597.12,675.91
2017-12-25,676.08,747.36,671.71,723.14
2017-12-26,723.14,756.03,722.23,753.4
2017-12-27,753.44,766.53,706.67,739.94
2017-12-28,739.93,741.46,671.23,716.69
2017-12-29,716.69,755.2,710.2,739.6
2017-12-30,739.6,741.67,663.88,692.99
2017-12-31,692.99,746.62,686.44,741.13
2018-01-01,741.09,765.3,724.33,756.2
2018-01-02,756.17,882.61,756.17,861.97
2018-01-03,861.97,951.7,847.9,941.1
2018-01-04,941,997.44,901.03,944.83
2018-01-05,944.83,1018.37,933.98,967.13
2018-01-06,967.13,1010.17,958.29,1006.41
2018-01-07,1006.41,1117.84,1003.21,1117.75
2018-01-08,1117.75,1228.25,967.84,1136.11
2018-01-09,1136.11,1300.3,1133.7,1289.24
2018-01-10,1289.24,1385.22,1210.85,1248.99
2018-01-11,1248.96,1333.92,1100.85,1139.32
2018-01-12,1139.32,1287.06,1087.61,1261.03
2018-01-13,1261.06,1422.86,1261.01,1385.02
2018-01-14,1385.02,1389.32,1267.48,1359.48
2018-01-15,1359.38,1381.35,1271.07,1278.69
2018-01-16,1278.7,1282.27,864.23,1050.26
2018-01-17,1050.26,1115.66,764.75,1024.69
2018-01-18,1024.9,1093.9,949.56,1012.97
2018-01-19,1012.97,1083.62,982.62,1037.36
2018-01-20,1037.36,1164.62,1036.82,1150.5
2018-01-21,1150.5,1150.57,1008.06,1049.09
2018-01-22,1049.09,1084.28,917,999.64
2018-01-23,999.75,1020.66,908.31,984.47
2018-01-24,984.48,1062.6,956.97,1061.78
2018-01-25,1061.61,1102.42,1022.29,1057.15
2018-01-26,1056.98,1075.4,987.14,1028.92
2018-01-27,1028.83,1121.69,1028.08,1116.45
2018-01-28,1116.81,1240.31,1093.38,1231.86
2018-01-29,1232.05,1240.12,1152.4,1154.15
2018-01-30,1154.15,1173.18,1035.04,1082.71
2018-01-31,1082.76,1122.87,1021.94,1100.96
2018-02-01,1100.8,1155.51,955.6,1006.19
2018-02-02,1006.37,1036.41,747.66,909.68
2018-02-03,909.78,997.38,845.31,960.19
2018-02-04,960.32,971.04,782.98,849.03
2018-02-05,849.01,857.76,629.79,688.34
2018-02-06,687.04,801.29,564.5,772.53
2018-02-07,773.83,857.84,718.93,792.31
2018-02-08,792.31,844.49,747.55,811.14
2018-02-09,811.22,879.59,781.52,863.68
2018-02-10,863.61,909.28,817.74,854.54
2018-02-11,854.26,855.22,780.21,832.47
2018-02-12,832.24,874.85,807.94,867.42
2018-02-13,867.43,873.83,823.94,839.47
2018-02-14,839.45,921.04,837.74,921.04
2018-02-15,920.79,947.52,905.7,930.25
2018-02-16,930.27,945.19,909.44,942.28
2018-02-17,942.31,973.24,935.24,971.9
2018-02-18,971.7,981.46,905.97,918.13
2018-02-19,918.41,955.56,911.61,935.79
2018-02-20,935.79,958.84,886.21,894.2
2018-02-21,893.19,906.4,818.56,841.01
2018-02-22,841.04,870.89,789.53,807.69
2018-02-23,807.91,882.24,788.02,853.89
2018-02-24,854.25,874.67,810.64,829.14
2018-02-25,829.05,849.5,818.74,847.18
2018-02-26,847.17,880.03,834.62,868.85
2018-02-27,869.12,894.91,861.77,877.72
2018-02-28,877.78,887.49,856.08,858.47
2018-03-01,858.39,880.12,847.01,871.33
2018-03-02,871.41,875.18,849.99,859.22
2018-03-03,859.23,867.4,852.97,856.77
2018-03-04,856.64,867.33,838.47,861.49
2018-03-05,861.91,868.78,853.35,854.35
2018-03-06,854.37,854.63,803.94,818.41
2018-03-07,818.3,825.31,726.78,754.94
2018-03-08,754.93,772.43,688.97,692.07
2018-03-09,692.5,711.5,642.14,711.5
2018-03-10,711.5,747.81,678.65,689.31
2018-03-11,689.34,734.94,663.72,721.3
2018-03-12,721.14,739.86,678.35,690.96
2018-03-13,690.9,713.99,679.79,689.32
2018-03-14,689.32,703.37,586.78,601.69
2018-03-15,601.85,620.38,572.57,613.39
2018-03-16,613.39,625.99,585.34,611.11
2018-03-17,611.12,611.76,543.8,562.96
2018-03-18,562.96,563.14,455.03,530.83
2018-03-19,530.81,558.6,515.97,539.95
2018-03-20,539.87,566.91,516.85,561.1
2018-03-21,561.14,590.05,545.52,556.26
2018-03-22,555.52,577.91,517.09,537.58
2018-03-23,537.58,542.81,507.42,531.23
2018-03-24,531.18,545.55,524.18,527.45
2018-03-25,527.35,532.11,513.72,532.11
2018-03-26,532.22,535.53,467.49,473.9
2018-03-27,473.76,496.51,448.04,460.28
2018-03-28,460.11,466.49,440.4,443.13
2018-03-29,443.25,450.38,380.42,386.56
2018-03-30,386.46,410.9,365.06,395.45
2018-03-31,395.36,419.57,385.59,393.95
2018-04-01,393.96,399.55,359.24,378.7
2018-04-02,378.72,394.1,375.84,382.18
2018-04-03,382.01,419.32,380.74,415.65
2018-04-04,415.68,417.11,371.01,378.73
2018-04-05,378.51,387.28,367.25,376.45
2018-04-06,376.19,385.76,363.57,370.53
2018-04-07,370.53,395.12,366.52,391.06
2018-04-08,391.06,404.18,384.08,398.23
2018-04-09,398.23,431.08,388.06,395.88
2018-04-10,395.88,413.66,391.92,413.62
2018-04-11,413.62,424.76,408.85,421.81
2018-04-12,421.76,488.55,414.06,485.88
2018-04-13,485.74,528.81,476.08,490.22
2018-04-14,490.15,514.6,484.38,506.64
2018-04-15,506.54,530.53,502.34,524.22
2018-04-16,524.22,537.48,499.24,505.83
2018-04-17,505.87,521.74,500.79,506.05
2018-04-18,506.07,524.97,501.79,524.92
2018-04-19,524.72,564.29,520.15,561.59
2018-04-20,561.6,598.79,558.14,598.45
2018-04-21,597.57,625.1,576.1,603.12
2018-04-22,602.9,644.29,591.92,637.3
2018-04-23,637.29,648.34,617.74,640.62
2018-04-24,640.63,711.51,640.58,704.01
2018-04-25,703.9,707.78,593.44,647.03
2018-04-26,647.09,653.66,600.43,647.46
2018-04-27,647.46,685.72,644.31,647.73
2018-04-28,647.12,693.36,640.17,677.98
2018-04-29,677.98,698.95,665.84,680.79
2018-04-30,680.89,693.44,668.95,670.02
2018-05-01,670.02,674.25,628.56,670.1
2018-05-02,670.1,689.18,662.22,684.89
2018-05-03,684.96,774.62,682.95,764.71
2018-05-04,764.69,804.47,759.73,788.51
2018-05-05,788.3,827.43,780.76,805.23
2018-05-06,805.35,834.21,753.57,783.56
2018-05-07,783.58,794.86,694.21,749.66
2018-05-08,749.73,775.18,720.69,746.82
2018-05-09,746.72,759.88,710.06,746.66
2018-05-10,746.73,767.22,731.71,736.41
2018-05-11,736.44,736.8,665.83,669.19
2018-05-12,669.02,688.5,638.51,674.37
2018-05-13,674.36,739.95,670.03,727.23
2018-05-14,727.07,741.58,686.2,728.9
2018-05-15,728.75,738.42,707.44,708.73
2018-05-16,708.69,710.2,676.68,694.24
2018-05-17,694.22,718.26,678.67,678.67
2018-05-18,678.27,690.57,657.71,688.13
2018-05-19,688.18,716.57,683.03,689.98
2018-05-20,689.94,722.69,684.33,718.93
2018-05-21,718.92,719.35,687.26,694.68
2018-05-22,694.67,699.87,648.66,648.76
2018-05-23,648.82,653.95,564.32,595.89
2018-05-24,595.94,609,545.18,588.39
2018-05-25,588.44,615.86,575.84,581.27
2018-05-26,581.26,606.37,568.81,596.11
2018-05-27,596.14,597.38,555.46,564.96
2018-05-28,564.99,574.49,501.18,516.06
2018-05-29,516.08,572.34,506.75,567.95
2018-05-30,567.99,584.85,542.12,548.32
2018-05-31,548.33,585.92,547.94,584.11
2018-06-01,584.08,589.12,564.53,569.9
2018-06-02,569.88,599.52,569.88,593.6
2018-06-03,593.5,628.06,590.33,618.99
2018-06-04,618.99,625.25,580.1,597.99
2018-06-05,597.98,612.88,576.47,603.5
2018-06-06,603.56,611.65,593.15,606.46
2018-06-07,606.46,615.98,598.95,601.65
2018-06-08,601.58,607.77,593.04,599.88
2018-06-09,599.87,608.87,596.46,598.78
2018-06-10,598.78,599.04,506.78,515.32
2018-06-11,515.34,535.78,503.54,518.87
2018-06-12,518.87,539.25,484.98,491.46
2018-06-13,491.4,501.53,450.22,469.18
2018-06-14,469.18,526.29,460.15,517.2
2018-06-15,517.18,521.17,486.01,494.32
2018-06-16,494.32,502.57,483.25,500.25
2018-06-17,500.25,507.48,494.4,499.07
2018-06-18,499.06,524.57,487.76,517.02
2018-06-19,517.09,547.71,515.05,534.63
2018-06-20,534.64,541.67,517.35,533.37
2018-06-21,533.36,544.66,521.99,524.92
2018-06-22,524.9,527.01,450.12,458.94
2018-06-23,459.82,479.51,451.24,479.36
2018-06-24,479.18,481.05,421.05,456.47
2018-06-25,456.47,472.88,445.58,463.34
2018-06-26,463.36,463.52,436.87,444.89
2018-06-27,444.87,445.29,420.34,435.63
2018-06-28,435.55,445.98,426.1,426.27
2018-06-29,426.46,427.89,405.01,415.37
2018-06-30,415.36,462.29,415.36,445.27
2018-07-01,445.37,456.11,444.81,451.66
2018-07-02,451.91,481.77,444.45,481.55
2018-07-03,481.45,486.28,462.41,468.92
2018-07-04,468.89,481.66,451.52,474.11
2018-07-05,474.1,478.31,458.39,463.49
2018-07-06,463.49,475.33,452.05,468.67
2018-07-07,468.68,472.9,461.85,464.36
2018-07-08,464.36,494.96,463.77,488.5
2018-07-09,488.51,490.61,472.79,476.81
2018-07-10,476.8,483.76,428.12,440.22
2018-07-11,440.22,447.05,425.17,439.45
2018-07-12,439.47,446.18,423.37,425.4
2018-07-13,425.46,442.01,418.21,432.04
2018-07-14,431.9,439.59,428.32,434.3
2018-07-15,434.35,454.62,431.46,452.61
2018-07-16,452.57,480.09,444.84,476.01
2018-07-17,476.01,511.08,465.99,503.01
2018-07-18,503.07,515.11,469.46,475.57
2018-07-19,475.63,483.78,463.02,467.53
2018-07-20,467.54,476.5,442.51,442.57
2018-07-21,442.58,468.2,440.5,465.13
2018-07-22,465.13,471.96,455.41,456.34
2018-07-23,456.32,469.68,447.4,451.09
2018-07-24,451.08,483.99,446.88,474.99
2018-07-25,474.99,484.42,463.92,475.68
2018-07-26,475.68,483.86,462.3,465.77
2018-07-27,465.8,473.65,456.33,472.94
2018-07-28,472.94,472.96,461.25,464.36
2018-07-29,464.25,471.45,461.54,464.92
2018-07-30,464.92,469.25,446.47,453.6
2018-07-31,453.59,458.1,427.49,431.86
2018-08-01,431.82,434.82,408.58,409.25
2018-08-02,409.37,424.46,407.83,410.24
2018-08-03,410.25,419.65,397.77,417.4
2018-08-04,417.32,418.99,401.63,405.46
2018-08-05,405.43,413.18,400.27,412.62
2018-08-06,412.57,413.01,401.39,401.43
2018-08-07,401.42,410.19,369.31,377.54
2018-08-08,377.69,382.09,348.22,358.65
2018-08-09,358.71,370.33,350.33,370.3
2018-08-10,370.31,370.31,326.73,326.73
2018-08-11,326.58,332.52,305.4,324.86
2018-08-12,324.85,330.88,314.44,320.85
2018-08-13,320.85,322.04,284.86,287.31
2018-08-14,287.45,287.69,250.49,263
2018-08-15,263,304.43,261.44,289.47
2018-08-16,289.48,298.73,277.21,284.55
2018-08-17,284.55,309.28,283.89,307.67
2018-08-18,307.81,321.1,283.14,295.22
2018-08-19,295.03,306.7,289.14,300.28
2018-08-20,300.19,303.92,281.98,282.65
2018-08-21,282.65,285.78,269.42,279.13
2018-08-22,279.13,298.83,262.45,266.83
2018-08-23,266.6,280.43,259.81,274.5
2018-08-24,274.39,283.09,270.3,282.36
2018-08-25,282.35,283.05,276.76,277.97
2018-08-26,277.94,280.08,269.57,272.36
2018-08-27,272.37,279.46,271.91,276.68
2018-08-28,276.68,296.16,276.64,294
2018-08-29,293.94,297.68,284.39,291.19
2018-08-30,291.2,291.2,272.4,283.55
2018-08-31,283.55,284.72,276.61,282.68
2018-09-01,282.37,302.24,281.3,297.29
2018-09-02,297.31,299.38,289.35,293.75
2018-09-03,293.74,296.18,285.86,290.99
2018-09-04,290.99,292.37,282.1,285.42
2018-09-05,285.45,287.54,239.64,243.72
2018-09-06,243.73,243.73,211.59,224.27
2018-09-07,224.27,234.03,213.96,217.47
2018-09-08,217.57,219.94,190.19,194.97
2018-09-09,194.95,208.32,185.18,199.16
2018-09-10,199.11,202.58,186.95,195.26
2018-09-11,195.27,199.02,175.96,186.34
2018-09-12,186.33,186.57,167.67,180.87
2018-09-13,180.83,211.83,180.61,205.04
2018-09-14,204.97,223.95,202.92,214.79
2018-09-15,214.87,227.47,208.4,220.77
2018-09-16,220.73,223.36,208.11,219.67
2018-09-17,219.68,224.79,192.57,196.56
2018-09-18,196.69,214.64,194.13,208.31
2018-09-19,208.36,215.14,197.63,209.48
2018-09-20,209.63,215.36,206.98,214.34
2018-09-21,214.38,251.91,212.13,244.28
2018-09-22,244.3,254.57,233.13,239.03
2018-09-23,239.03,249.35,237.24,241.48
2018-09-24,241.48,245.79,230.13,233.23
2018-09-25,233.14,233.16,203.51,217.47
2018-09-26,217.42,222.52,207.31,215.56
2018-09-27,215.52,233.87,210.09,231.65
2018-09-28,231.65,233.91,215.04,220.32
2018-09-29,220.31,236.61,213.71,231.28
2018-09-30,231.28,238.59,226.4,228.63
2018-10-01,228.59,235.35,224.75,230.61
2018-10-02,230.61,231.6,222.55,226.14
2018-10-03,226.16,227.61,215.9,217.35
2018-10-04,215.08,226.12,215.08,221.01
2018-10-05,221.02,224.72,219.09,223.94
2018-10-06,223.94,231.61,222.91,224.86
2018-10-07,224.79,225.75,221.22,223.93
2018-10-08,223.94,231.82,223.65,230.98
2018-10-09,230.98,230.98,226.2,227.46
2018-10-10,227.46,228.06,222.95,224.9
2018-10-11,224.9,225.58,194.49,198.18
2018-10-12,198.19,200,186.93,196.58
2018-10-13,196.53,200.92,194.37,198.98
2018-10-14,198.98,201.69,196.26,197.56
2018-10-15,197.56,230.85,192.9,206.78
2018-10-16,206.78,214.96,206.71,208.78
2018-10-17,208.78,211.74,205.57,207.42
2018-10-18,207.49,209.44,200.49,200.92
2018-10-19,200.89,204.78,200.46,202.8
2018-10-20,202.8,206.95,201.77,204.84
2018-10-21,204.79,208.29,204.67,205.38
2018-10-22,205.29,205.81,202.46,203.9
2018-10-23,203.81,204.7,200.56,204.09
2018-10-24,204.09,205.3,202.78,203.63
2018-10-25,203.63,203.92,200.15,201.67
2018-10-26,201.67,206.53,200.47,203.32
2018-10-27,203.31,203.86,201.67,202.7
2018-10-28,202.7,204.29,202.53,203.29
2018-10-29,203.28,204.12,194.07,195.98
2018-10-30,195.99,197.09,194.22,196.13
2018-10-31,196.2,200.03,192.52,198.02
2018-11-01,198.02,199.58,197.17,198.49
2018-11-02,198.48,202.67,198.45,201.2
2018-11-03,201.19,201.37,198.62,199.47
2018-11-04,199.47,218.15,198.68,210.17
2018-11-05,210.17,212.23,206.81,209.39
2018-11-06,209.39,219.84,208.16,218.42
2018-11-07,218.42,223.55,216.49,218.21
2018-11-08,218.21,219.63,211.61,212.35
2018-11-09,212.35,213.53,207.59,209.14
2018-11-10,209.14,214.24,209.02,212.87
2018-11-11,212.87,212.98,207.27,209.82
2018-11-12,209.82,212.94,208.99,210.3
2018-11-13,210.24,210.97,205.79,206.93
2018-11-14,206.93,208.09,171.51,179.71
2018-11-15,179.31,185.67,168.72,178.15
2018-11-16,178.15,182.46,171.36,172.74
2018-11-17,172.74,175.8,172.41,174
2018-11-18,174.01,181.15,173.92,175.87
2018-11-19,175.89,177.57,144.89,149.32
2018-11-20,149.14,152.11,124.61,128.67
2018-11-21,128.63,139.33,124.82,135.24
2018-11-22,135.24,138.48,128.72,129.9
2018-11-23,129.9,129.98,118.27,124.18
2018-11-24,124.17,128.13,109.71,111.61
2018-11-25,111.26,120.5,101,115.96
2018-11-26,115.88,119.21,104.93,105.94
2018-11-27,105.96,113.12,100.86,112.05
2018-11-28,112.05,126.68,109.61,121.31
2018-11-29,121.32,123.93,114.14,116.95
2018-11-30,116.94,119.99,110.75,112
2018-12-01,112.1,121.31,110.87,119.21
2018-12-02,119.21,121.08,115.36,116.48
2018-12-03,116.48,116.72,106.01,108.29
2018-12-04,108.33,113.34,105.57,109.74
2018-12-05,109.76,110.33,102,102.8
2018-12-06,102.82,103.99,93.6,93.72
2018-12-07,93.72,97.7,82.09,94.22
2018-12-08,94.26,98.55,84.81,93.78
2018-12-09,94.06,100.05,89.37,93.81
2018-12-10,93.81,96.16,88.99,91.01
2018-12-11,91,92.45,86.26,88.54
2018-12-12,88.54,92.66,87.14,89.94
2018-12-13,89.96,91.35,84.81,85.65
2018-12-14,85.65,86.98,82.16,84.3
2018-12-15,84.32,85.26,82.05,84.28
2018-12-16,84.33,88.24,83.81,85.69
2018-12-17,85.7,98.42,84.94,94.85
2018-12-18,94.85,97.49,92.93,96.71
2018-12-19,96.6,109.1,96.56,101.63
2018-12-20,101.63,118.57,99.81,115.13
2018-12-21,115.15,120.71,106.9,109.35
2018-12-22,109.35,116.93,107.26,114.91
2018-12-23,114.91,135.86,114.84,132.22
2018-12-24,132.22,161.14,131.22,143.03
2018-12-25,143.01,146.45,124.3,130.83
2018-12-26,130.82,139.15,125.74,132.91
2018-12-27,132.91,134.23,115.84,116.66
2018-12-28,116.66,141.08,114.74,136.25
2018-12-29,136.21,148.52,134.44,146.45
2018-12-30,146.42,150.14,132.46,140.34
2018-12-31,140.34,141.82,131.3,133.5
2019-01-01,133.5,144.17,132.31,141.18
2019-01-02,141.18,159.31,140.58,158.1
2019-01-03,158.1,159.98,144.78,151.01
2019-01-04,151.01,158.8,147.55,156.16
2019-01-05,156.19,163.49,155.25,157.23
2019-01-06,157.22,162.79,150.82,157.59
2019-01-07,157.59,160.17,150.35,151.48
2019-01-08,151.46,155.13,148.27,151.68
2019-01-09,151.66,157.28,150.24,151.6
2019-01-10,151.62,152.59,124.13,128.6
2019-01-11,128.61,130.05,123.27,125.01
2019-01-12,125.09,128.47,124.68,125.3
2019-01-13,125.27,126.29,114.75,116.49
2019-01-14,116.49,132.7,116,129.6
2019-01-15,129.62,131.64,118.34,119.79
2019-01-16,119.79,128.68,119.77,123.12
2019-01-17,123.12,124.72,118.44,123.19
2019-01-18,123.14,124.58,119.41,120.36
2019-01-19,120.26,128.15,120.2,125.39
2019-01-20,125.35,125.52,113.4,118.47
2019-01-21,118.47,119.14,114.61,116.56
2019-01-22,116.56,120.62,112.06,119.18
2019-01-23,119.18,119.98,115.99,117.46
2019-01-24,117.47,118.57,114.72,117.44
2019-01-25,117.44,118.17,115.13,116.07
2019-01-26,116.03,119.04,115.69,116.71
2019-01-27,116.71,116.85,111.65,113.64
2019-01-28,113.64,113.64,101.95,105.89
2019-01-29,105.9,107.48,103,104.97
2019-01-30,104.96,110.38,103.69,109.01
2019-01-31,109.01,111.32,105.94,107.31
2019-02-01,107.31,107.78,104.17,107.68
2019-02-02,107.67,108.7,106.25,108.02
2019-02-03,108.02,111.73,105.84,107.27
2019-02-04,107.28,108.96,106.45,106.98
2019-02-05,106.99,107.33,105.92,106.95
2019-02-06,106.95,107.24,101.26,105
2019-02-07,105,106.01,103.8,104.5
2019-02-08,104.51,123.24,103.53,118.05
2019-02-09,118.1,121.44,117.49,119.52
2019-02-10,119.52,123.36,116.33,122.28
2019-02-11,122.29,126.25,119.73,121.12
2019-02-12,121.12,124.04,118.39,121.95
2019-02-13,121.95,126.67,121.15,122.03
2019-02-14,122.03,124.73,120.47,121.58
2019-02-15,121.58,124.57,120.6,121.97
2019-02-16,121.97,125.3,121.67,124.2
2019-02-17,124.2,134.88,123.14,134.02
2019-02-18,134.04,149.62,133.15,144.7
2019-02-19,144.76,151.18,143.99,145.78
2019-02-20,145.78,149.2,141.39,147.54
2019-02-21,147.53,151.15,143.71,145.04
2019-02-22,145.04,149.94,144.37,149.51
2019-02-23,149.5,161.44,147.19,159.71
2019-02-24,159.71,167.57,135.56,139.37
2019-02-25,139.35,142.49,133.21,139.66
2019-02-26,139.74,140.08,134.54,137.1
2019-02-27,137.1,141.64,127.89,133.2
2019-02-28,133.24,139.02,133.1,136.3
2019-03-01,136.31,139.04,135.75,136.69
2019-03-02,136.69,136.84,131.21,133.36
2019-03-03,133.38,135.83,131.56,131.82
2019-03-04,131.82,131.98,123.96,126.09
2019-03-05,126.09,139,125.56,136.63
2019-03-06,136.63,141.64,134.95,138.75
2019-03-07,138.75,141.06,136.2,138.29
2019-03-08,138.29,140.51,131.76,133.81
2019-03-09,133.83,139.84,133.48,137.78
2019-03-10,137.77,138.51,135.08,137.26
2019-03-11,137.26,137.36,131.98,134.13
2019-03-12,134.13,136.05,129.42,134.36
2019-03-13,134.36,134.74,131.61,132.83
2019-03-14,132.83,136.19,130.45,132.91
2019-03-15,132.91,138.9,132.68,136.97
2019-03-16,136.95,145.84,136.93,141.93
2019-03-17,141.93,142.03,138.1,140.03
2019-03-18,140.01,142.82,137.33,138.9
2019-03-19,138.9,140.17,137.74,139.05
2019-03-20,139.08,140.76,136.76,140.41
2019-03-21,140.41,140.65,133.71,135.92
2019-03-22,135.94,137.99,135.19,136.91
2019-03-23,136.91,138.63,136.45,137.38
2019-03-24,137.38,137.76,135.24,136.3
2019-03-25,136.29,136.9,131.84,133.87
2019-03-26,133.87,134.94,132.8,134.28
2019-03-27,134.28,139.73,134.01,139.3
2019-03-28,139.26,140.6,137.67,138.16
2019-03-29,138.15,142.75,138,142.44
2019-03-30,142.44,146.77,141.24,143.16
2019-03-31,143.07,143.35,141.39,141.84
2019-04-01,141.84,143.92,140.29,141.98
2019-04-02,141.98,163.18,141.6,160.93
2019-04-03,160.85,179.81,160.73,173.33
2019-04-04,173.66,176.07,153.32,159.37
2019-04-05,159.37,168.8,156.79,164.64
2019-04-06,164.59,173.65,161.02,165.7
2019-04-07,165.7,176.88,164.94,174.28
2019-04-08,174.28,187.34,172.85,182.94
2019-04-09,182.99,183.64,174.96,177.57
2019-04-10,177.65,185.41,170.43,176.1
2019-04-11,176.06,177.72,160.86,164.01
2019-04-12,164.07,167.56,160.07,164.91
2019-04-13,164.91,166.53,162.74,164.37
2019-04-14,164.38,166.19,162.51,165.97
2019-04-15,166,170.05,156.56,160.06
2019-04-16,160.06,168.11,159.54,166.36
2019-04-17,166.36,168.72,165.05,167.77
2019-04-18,167.75,176.55,165.99,175.5
2019-04-19,175.5,175.65,169.95,172.78
2019-04-20,172.84,178.27,171.21,171.81
2019-04-21,171.8,174.62,166.88,167.59
2019-04-22,167.59,173.98,167.59,172.55
2019-04-23,172.55,177.5,170.73,173.24
2019-04-24,173.25,173.29,160.94,164.2
2019-04-25,164.18,166.64,161.04,161.06
2019-04-26,160.78,160.78,148.85,155.74
2019-04-27,155.74,161.32,155.14,160.04
2019-04-28,160.04,160.85,157.04,158.09
2019-04-29,158.13,159.03,152.4,156.1
2019-04-30,156.1,162.58,155.36,161.47
2019-05-01,161.47,166.73,159.99,160.76
2019-05-02,160.76,162.88,158.89,161.51
2019-05-03,161.57,173.21,160.27,169.46
2019-05-04,169.45,171.64,160.05,165.2
2019-05-05,165.24,165.87,159.23,163.87
2019-05-06,163.87,178.8,160.66,176.11
2019-05-07,176.11,183.31,171.1,174.31
2019-05-08,174.31,175.69,164.79,170.61
2019-05-09,170.58,174.4,166.54,169.15
2019-05-10,169.16,176.44,168.41,172.71
2019-05-11,172.71,199.07,172.21,198.57
2019-05-12,198.64,205.84,183.23,190.74
2019-05-13,190.77,207.59,185.78,203.88
2019-05-14,203.86,214.76,191.59,208.31
2019-05-15,208.35,244.35,208.35,241.2
2019-05-16,241.23,279.34,240.33,267.21
2019-05-17,267,272.33,224.84,239.63
2019-05-18,239.81,248.7,231.36,238.94
2019-05-19,238.92,260.64,232.57,260.09
2019-05-20,260.09,264.38,239.44,253.5
2019-05-21,253.41,263.95,247.8,258.78
2019-05-22,258.8,261.09,241.69,242.98
2019-05-23,243,246.96,231.33,245.92
2019-05-24,245.83,255.78,242.58,251.08
2019-05-25,251.09,258.41,246.88,251.49
2019-05-26,251.49,271.73,246.1,269.39
2019-05-27,269.34,279.63,264.67,269.34
2019-05-28,269.36,276.39,265.53,273.4
2019-05-29,273.44,274.28,260.81,270.25
2019-05-30,270.25,288.7,239.83,248.77
2019-05-31,248.92,263.85,245.47,263.01
2019-06-01,262.91,274.79,260.54,268.22
2019-06-02,268.16,273.89,263.07,267.8
2019-06-03,267.82,270.74,254.64,258.66
2019-06-04,258.76,258.91,234.7,235.46
2019-06-05,234.75,249.12,234.07,245.18
2019-06-06,245.18,247.95,235.92,243.11
2019-06-07,243.06,254.12,242.58,248.97
2019-06-08,248.94,251.8,241.87,243.65
2019-06-09,243.65,245.48,229.31,230.87
2019-06-10,230.85,246.43,226.78,244.35
2019-06-11,244.35,248.9,237.7,246.47
2019-06-12,246.48,260.35,243.15,257.72
2019-06-13,257.75,264.41,255.56,261.57
2019-06-14,261.61,263.8,252.14,262.58
2019-06-15,262.64,273.06,261.82,270.19
2019-06-16,270.23,278.95,263.74,269.06
2019-06-17,269.05,275.11,267.71,272.86
2019-06-18,272.84,275.61,261.36,261.77
2019-06-19,261.74,270.03,261.2,268.76
2019-06-20,268.8,274.57,266.67,272.53
2019-06-21,272.45,295.51,271.37,293.07
2019-06-22,293.04,315.23,291.07,304.57
2019-06-23,304.57,319.32,300.88,310.02
2019-06-24,309.94,313.59,294.8,309.33
2019-06-25,309.31,315.15,306.18,312.73
2019-06-26,312.57,363.18,311.12,325.75
2019-06-27,326.06,342.35,275.34,292.75
2019-06-28,292.52,312.37,290.47,307.47
2019-06-29,307.47,314.51,291.9,310.23
2019-06-30,310.38,323.89,289.08,299.94
2019-07-01,299.82,301.7,279.54,292.26
2019-07-02,291.97,296.62,271.87,288.41
2019-07-03,288.29,300.97,287.96,294.77
2019-07-04,294.77,303.69,291.89,292.22
2019-07-05,292.21,294.98,280.53,288.72
2019-07-06,288.75,297.9,285.95,288.18
2019-07-07,288.18,310.14,284.6,308.11
2019-07-08,308.15,312.89,302.56,312.14
2019-07-09,312.1,318.31,303.14,307.2
2019-07-10,307.21,314.65,282.23,288.33
2019-07-11,288.33,290.02,263.09,269.41
2019-07-12,269.39,279.03,265.66,275.66
2019-07-13,275.68,276.78,261.89,263.36
2019-07-14,263.36,269.81,229.89,239.74
2019-07-15,239.8,240.09,203.76,227.7
2019-07-16,227.49,234.48,191.31,203.96
2019-07-17,204.18,219.55,192.53,214.76
2019-07-18,214.74,226.71,206.66,224.62
2019-07-19,224.63,229.5,214.35,221.33
2019-07-20,221.39,235.66,219.7,233.47
2019-07-21,233.49,234.58,217.54,224.82
2019-07-22,224.87,227.88,211.98,216.54
2019-07-23,216.54,218.93,208.57,216.94
2019-07-24,216.94,218.12,201.61,216.48
2019-07-25,216.49,225.55,214.68,219.27
2019-07-26,219.27,220.81,213.02,218.3
2019-07-27,218.3,223.81,203.03,208.61
2019-07-28,208.62,211.49,206.09,206.31
2019-07-29,206.31,214.98,198.14,210.8
2019-07-30,210.8,214.17,204.69,210.03
2019-07-31,210.03,218.02,209.7,216.07
2019-08-01,216.07,219.18,211.09,217.22
2019-08-02,217.22,222.62,215.02,216.29
2019-08-03,216.29,224.59,216.21,221.65
2019-08-04,221.67,223.19,217.53,221.6
2019-08-05,221.6,236.54,221.58,232.53
2019-08-06,232.53,239.53,222.68,223.96
2019-08-07,223.96,231.06,221.02,224.99
2019-08-08,225.04,226.99,215.53,218.12
2019-08-09,218.15,221.96,207.03,210.32
2019-08-10,210.32,214.63,201.09,206.08
2019-08-11,206.08,216.17,205.18,214.51
2019-08-12,214.51,216.64,209.91,211.65
2019-08-13,211.65,212.18,203.55,206.91
2019-08-14,206.92,209.95,183.04,188.85
2019-08-15,188.86,190.2,174.24,187.52
2019-08-16,187.52,189.82,178.93,186.19
2019-08-17,186.19,187.75,182.28,183.73
2019-08-18,183.7,198.1,183.32,196.21
2019-08-19,196.21,202.7,193.15,199.95
2019-08-20,199.95,203.57,194.92,197.44
2019-08-21,197.44,198.61,180.47,184.25
2019-08-22,184.22,195.02,182.87,192.15
2019-08-23,192.15,196.46,188.82,193.91
2019-08-24,193.92,195.02,186.64,188.9
2019-08-25,188.9,192.77,183.29,184.55
2019-08-26,184.55,194.14,184.25,186.53
2019-08-27,186.58,189.05,184.77,185.88
2019-08-28,185.88,187.98,166.49,173.06
2019-08-29,173.06,174,164.25,169.43
2019-08-30,169.43,170.47,166.03,168.71
2019-08-31,168.71,173.42,166.42,173.42
2019-09-01,173.76,174.95,168.34,171.45
2019-09-02,171.46,181.37,170.77,179.14
2019-09-03,179.13,182.9,175.35,180.75
2019-09-04,180.74,181.29,175.42,176.92
2019-09-05,176.92,177.38,170.31,172.96
2019-09-06,172.97,178.37,166.04,170.03
2019-09-07,170.03,181.01,168.62,179.92
2019-09-08,179.86,184.51,177.22,181.6
2019-09-09,181.6,185.63,176.43,180.38
2019-09-10,180.38,184.46,176.98,179.82
2019-09-11,179.82,182.12,174.69,178.3
2019-09-12,178.29,181.8,176.78,181.8
2019-09-13,181.79,182.78,177.95,181.6
2019-09-14,181.6,189.12,180.51,188.82
2019-09-15,188.85,191.08,186.55,189.66
2019-09-16,189.66,199.75,188.61,198.14
2019-09-17,198.17,215.13,196.33,212.21
2019-09-18,212.15,217.5,207.34,212.1
2019-09-19,212.04,223.65,202.42,220.59
2019-09-20,220.54,223.1,212.88,216.05
2019-09-21,216.06,221.45,214.54,215.42
2019-09-22,215.43,216.91,206.33,210.45
2019-09-23,210.36,212.28,199.01,202.62
2019-09-24,202.58,202.7,156.02,168.12
2019-09-25,168.04,175.2,162.64,171.16
2019-09-26,171.14,173.56,153.07,165.96
2019-09-27,165.95,177.27,161.58,175.68
2019-09-28,175.73,176.51,168.97,173.69
2019-09-29,173.73,175.32,164.84,169.85
2019-09-30,169.87,181.18,168.87,177.84
2019-10-01,177.91,186,174.18,176.65
2019-10-02,176.63,178.69,174.39,178.52
2019-10-03,178.57,181.69,170.25,174.56
2019-10-04,174.58,179.55,171.31,177.21
2019-10-05,177.33,177.84,172.6,176.71
2019-10-06,176.67,177.37,168.39,171.67
2019-10-07,171.67,182.76,168.78,179.59
2019-10-08,179.57,185.32,177.78,179.19
2019-10-09,179.2,195,179.2,191.27
2019-10-10,191.31,195.9,187.8,192.37
2019-10-11,192.39,197.35,179.81,180.91
2019-10-12,180.96,184.94,178.11,180.73
2019-10-13,180.79,184.74,179.28,184.68
2019-10-14,183.23,187.69,181.12,186.41
2019-10-15,186.39,188.5,177.85,178.93
2019-10-16,178.94,181.19,172.46,174.31
2019-10-17,174.36,179.1,173.01,176.48
2019-10-18,176.48,177.73,168.87,173.61
2019-10-19,173.64,175.26,170.41,172.39
2019-10-20,172.39,176.94,169.9,175.37
2019-10-21,175.36,178.33,172.2,174.76
2019-10-22,174.79,175.63,171.81,172.94
2019-10-23,172.96,172.98,154.34,160
2019-10-24,159.95,164.15,159.15,160.35
2019-10-25,160.35,187.54,160.35,180.64
2019-10-26,180.69,198.33,174.22,178.23
2019-10-27,178.22,189.05,177.1,184.95
2019-10-28,185.07,189.91,181.01,184.1
2019-10-29,184.09,193.12,181.82,192.65
2019-10-30,192.54,192.82,180.55,183.56
2019-10-31,183.62,185.49,178.26,181.63
2019-11-01,181.63,184.93,178.06,183.36
2019-11-02,183.32,186,182.31,183.26
2019-11-03,183.26,185.1,179.3,182.48
2019-11-04,182.47,189.47,180.78,185.8
2019-11-05,185.79,192.12,182.99,189.08
2019-11-06,189.08,194.51,188.11,191.27
2019-11-07,191.21,192.27,184.6,187.35
2019-11-08,187.34,188.16,181.09,184.72
2019-11-09,184.72,185.69,182.87,185.2
2019-11-10,184.97,191.83,183.73,190.11
2019-11-11,190.12,190.38,185.02,185.67
2019-11-12,185.67,187.37,182.52,186.67
2019-11-13,186.66,189.56,185.36,187.49
2019-11-14,187.49,189.15,183.11,184.76
2019-11-15,184.8,186.13,177.68,180.8
2019-11-16,180.8,183.53,179.33,182.45
2019-11-17,182.48,186.52,180.54,184.66
2019-11-18,184.72,184.76,174.99,178.75
2019-11-19,178.75,178.75,173.04,175.96
2019-11-20,175.97,177.49,173.64,175.14
2019-11-21,175.15,175.75,156.82,160.96
2019-11-22,160.96,162.79,138.51,149.92
2019-11-23,149.93,154.66,146.78,152.57
2019-11-24,152.56,153.37,142.22,144.61
2019-11-25,144.65,151.82,132.48,147.35
2019-11-26,147.31,150.03,144.01,148.4
2019-11-27,148.39,155.87,141.43,153.43
2019-11-28,153.37,154.9,150.57,150.64
2019-11-29,150.64,157.89,149.76,153.94
2019-11-30,153.92,155.69,150.3,152.04
2019-12-01,152.05,152.78,146.4,151.91
2019-12-02,151.91,152.54,147.41,149.79
2019-12-03,149.81,150.32,146.49,148.06
2019-12-04,148.03,152.64,143.89,145.77
2019-12-05,145.79,149.09,144.22,148.12
2019-12-06,148.13,149.68,146.46,149.03
2019-12-07,149.05,149.87,147.62,148.23
2019-12-08,148.26,152.18,146.97,151.79
2019-12-09,151.79,151.89,147.06,147.57
2019-12-10,147.57,148.17,144.3,146.18
2019-12-11,146.18,146.59,142.54,143.2
2019-12-12,143.24,146.05,139.69,144.88
2019-12-13,144.88,145.41,143.29,144.81
2019-12-14,144.81,145.32,141.59,142.52
2019-12-15,142.54,144.15,140.46,142.95
2019-12-16,142.95,142.96,130.26,132.52
2019-12-17,132.52,132.95,120.73,121.01
2019-12-18,121.04,133.65,116.73,133.65
2019-12-19,134.63,134.63,126.02,127.47
2019-12-20,127.51,129.45,126.07,128.5
2019-12-21,128.48,128.66,126.93,127.76
2019-12-22,127.76,133.37,127.36,132.15
2019-12-23,132.15,135.23,126.45,127.48
2019-12-24,127.45,129.67,126.95,128.12
2019-12-25,128.13,128.39,123.68,125.52
2019-12-26,125.53,132.23,124.4,125.5
2019-12-27,125.5,126.95,122.78,126.66
2019-12-28,126.64,129.83,126.19,128.37
2019-12-29,128.37,137.97,127.68,135.12
2019-12-30,135.1,136.18,130.28,132.29
2019-12-31,132.29,133.43,128.01,128.88
